video_id,start,end,bbox,fps,width,height,partition
VM6HZqQKhok,16609,16737,616-112-1172-667,24.0,1920,1080,train
4E_1AB1rsSw,14854,15029,1240-131-1691-581,24.0,1920,1080,test
B43f89Y9f-A,13336,13572,534-270-933-669,30.0,1920,1080,train
4zLmWpMDY8Q,12019,12190,241-242-591-591,24.0,1920,1080,train
rS_Ssisz2_M,7168,7339,784-136-1097-448,30.0,1280,720,train
Fxt_MZKMdes,1276,1514,378-59-761-442,24.0,1280,720,train
8Dv2Hdf5TRg,10948,11114,764-75-1080-392,24.0,1280,720,test
8DDgHq9ewOo,19725,19916,1049-79-1435-466,24.0,1920,1080,train
pyFcr2WcOyo,13029,13417,1131-254-1500-623,24.0,1920,1080,train
UQzvNIIMayo,24043,24186,613-78-1174-640,30.0,1920,1080,train
esD6aaIjhek,8846,9046,271-37-583-349,30.0,1280,720,train
N39x_WTPix0,13432,13562,638-21-1017-400,25.0,1280,720,train
27lMmdmy-b8,19823,20124,452-57-810-413,30.0,1280,720,train
LnJwH_PZXnM,24134,24328,930-91-1484-644,25.0,1920,1080,train
77HUdJ7Tij0,1754,2046,1231-120-1698-587,25.0,1920,1080,train
kdqUhTnAgJU,4528,4674,550-64-861-375,30.0,1280,720,train
EZKDkSY1GBM,1801,1947,1371-130-1728-486,25.0,1920,1080,train
lmyZMtPVodo,3288,3455,668-88-985-405,24.0,1280,720,train
5zWmdHmJMd0,13695,13828,394-40-978-624,24.0,1920,1080,train
6wNif5SlN08,12243,12391,725-90-1073-438,24.0,1280,720,train
yNhu0MG_2MA,15079,15207,298-128-722-553,24.0,1920,1080,train
HiwJ0hNl1Fw,19802,19950,331-47-663-379,25.0,1280,720,train
ERSZb2wHFDw,9942,10154,791-178-1222-609,30.0,1920,1080,train
yNhu0MG_2MA,15293,15483,677-82-1133-539,24.0,1920,1080,train
QeIrdqU0o9s,9717,9869,407-57-775-425,24.0,1280,720,train
LiUClSItcy0,2910,3194,419-104-743-428,24.0,1280,720,test
yLfCCcVDUiU,11743,12036,1005-141-1365-500,24.0,1920,1080,train
Uq1idqpX9-A,3270,3404,755-69-1104-418,24.0,1280,720,train
8Z24LCysq3A,8681,8961,531-42-891-402,25.0,1280,720,train
YUUP2MMz7PU,1605,1830,726-177-1151-602,24.0,1920,1080,train
Jc9RdbHEFa0,11429,11585,666-59-1002-396,24.0,1280,720,test
949yOxz_x80,13333,13579,984-101-1480-598,25.0,1920,1080,train
yNhu0MG_2MA,4164,4617,499-37-1046-584,24.0,1920,1080,train
BzeTjn0R2VY,7387,7708,482-45-1075-637,24.0,1920,1080,train
0gks6ceq4eQ,16612,16848,1055-68-1575-588,24.0,1920,1080,test
dkmpRQdJslI,8681,9033,348-13-764-427,24.0,1280,720,train
LiUClSItcy0,6855,7128,438-86-788-436,24.0,1280,720,test
DGvPfD1Dd1U,14815,15208,1180-101-1657-579,25.0,1920,1080,train
Ubbmje44gLg,11585,11723,909-161-1290-543,25.0,1920,1080,train
g2m97gPI70I,16699,16891,244-86-574-417,30.0,1280,720,train
Mr8nvXvl-y8,719,970,332-152-643-463,25.0,1280,720,train
V1yW5IsnSjo,12145,12273,607-137-932-461,30.0,1280,720,train
kmbui1xF8DE,17256,17534,659-138-1165-643,25.0,1920,1080,train
RjquHTj4HlY,11734,12042,1023-188-1498-661,24.0,1920,1080,train
GIBoCJeB3HQ,3803,3962,229-230-597-599,24.0,1920,1080,train
BoRUrWcdkQ4,589,745,449-105-798-453,30.0,1280,720,train
I3BJVaioX_k,22294,22546,777-77-1313-612,25.0,1920,1080,train
UMhLBPPtlrY,23040,23306,655-58-1008-411,30.0,1280,720,test
idfv7Lw4Y_s,2452,2701,715-83-1232-600,25.0,1920,1080,train
pxEcvU0Vp_M,14404,14610,825-207-1152-533,30.0,1920,1080,train
YUUP2MMz7PU,17126,17263,713-180-1133-600,24.0,1920,1080,train
cK74vhqzeeQ,18362,18592,461-84-793-415,25.0,1280,720,test
aTfwA1TaH3Q,12919,13059,732-56-1067-391,24.0,1280,720,train
I3BJVaioX_k,511,641,537-141-1026-631,25.0,1920,1080,train
-nKdufEaL8k,7202,7434,266-121-652-508,25.0,1920,1080,train
2wseM6wWd74,12014,12363,608-41-917-350,24.0,1280,720,train
gypAjPp6eps,16669,16808,310-88-650-428,24.0,1280,720,train
ClfBxWPkBKU,24118,24322,222-42-568-390,30.0,1280,720,train
TLZ6W-Nqv1I,314,448,1057-117-1514-575,25.0,1920,1080,train
360bU-vBJOI,11030,11186,795-165-1230-600,24.0,1920,1080,test
UMhLBPPtlrY,21859,22146,707-85-1021-399,30.0,1280,720,test
jAw8t2g-eVU,21784,22144,622-69-1135-583,30.0,1920,1080,train
TLZ6W-Nqv1I,10376,10568,1039-133-1437-531,25.0,1920,1080,train
C74amJRp730,16824,17085,766-55-1129-418,24.0,1280,720,train
360bU-vBJOI,10853,11004,741-180-1166-605,24.0,1920,1080,test
kmbui1xF8DE,8597,8782,747-152-1243-647,25.0,1920,1080,train
bGUVQaBdxKw,14130,14499,1185-100-1665-580,25.0,1920,1080,train
B43f89Y9f-A,19659,19857,1105-261-1480-636,30.0,1920,1080,train
4CGFPbFqdJ4,13554,13882,753-83-1257-587,24.0,1920,1080,train
bGUVQaBdxKw,2392,2628,1242-123-1662-543,25.0,1920,1080,train
BzeTjn0R2VY,16566,16817,694-50-1191-547,24.0,1920,1080,train
kaU7IPlg9PA,4193,4337,1161-101-1585-525,25.0,1920,1080,train
d38LKbYfWrs,2610,2807,730-88-1046-404,24.0,1280,720,train
a63t8r70QN0,1613,2039,922-239-1337-654,30.0,1920,1080,train
ONs9FCY74p0,3498,3629,1216-159-1653-596,24.0,1920,1080,train
zamvnyBB-SU,15610,15876,1078-36-1621-579,24.0,1920,1080,train
AEKy1AS75Zs,10278,10459,788-39-1344-595,25.0,1920,1080,train
esD6aaIjhek,10109,10314,439-19-814-392,30.0,1280,720,train
SF9qq6vQ3Pg,2546,2690,733-128-1235-629,24.0,1920,1080,train
CZNrOzgNWf4,7008,7147,754-76-1077-398,30.0,1280,720,train
iFTWM7HV2UI,11447,12032,684-111-1199-626,24.0,1920,1080,train
08z_xW-szwM,6317,6736,670-254-1058-642,30.0,1920,1080,train
U51MSK6nSQE,6747,7244,1240-111-1705-576,24.0,1920,1080,train
YUUP2MMz7PU,14064,14540,743-175-1166-599,24.0,1920,1080,train
5ErKrSyUpEo,15895,16145,286-85-769-567,24.0,1920,1080,train
a63t8r70QN0,21847,22019,241-261-585-606,30.0,1920,1080,train
4E_1AB1rsSw,509,674,1227-131-1649-553,24.0,1920,1080,test
PVXQUItNEDQ,12524,12939,613-62-917-365,24.0,1280,720,train
ddw1_3ZVjTE,6951,7207,487-103-815-430,24.0,1280,720,train
YUUP2MMz7PU,3555,3686,763-184-1172-592,24.0,1920,1080,train
-eBUcBfkVCo,46758,46901,484-121-817-455,30.0,1280,720,train
xDKth-qS8Jk,19917,20109,980-44-1549-612,25.0,1920,1080,train
yLfCCcVDUiU,5261,5463,922-167-1267-512,24.0,1920,1080,train
U51MSK6nSQE,9261,9551,1270-114-1716-560,24.0,1920,1080,train
zfbigT9I0Qg,6723,6933,1243-166-1690-614,24.0,1920,1080,train
phgjouv0BUA,20509,20703,342-166-715-540,24.0,1920,1080,train
iMFJef3xnmg,17073,17268,843-179-1271-607,30.0,1920,1080,train
GIrfNWed1Mk,9269,9486,1229-177-1692-640,24.0,1920,1080,test
i2l9v_seHCc,15736,16025,1218-156-1651-588,24.0,1920,1080,train
idfv7Lw4Y_s,13853,14130,695-88-1211-604,25.0,1920,1080,train
360bU-vBJOI,15287,15464,796-177-1216-598,24.0,1920,1080,test
9A7_xCrgX1U,19079,19270,1053-147-1553-648,24.0,1920,1080,test
1AT5klu_yAQ,13167,13330,212-70-672-530,24.0,1920,1080,train
e-BZigXlphY,15854,16226,701-74-1015-388,24.0,1280,720,train
UoMpbL_Fsig,532,720,461-63-774-376,24.0,1280,720,train
ONs9FCY74p0,20110,20295,1136-153-1581-598,24.0,1920,1080,train
eaCrsBtiYA4,18951,19400,263-110-790-638,24.0,1920,1080,train
BzeTjn0R2VY,18010,18206,270-13-870-614,24.0,1920,1080,train
2paoNvG5Nmo,49057,49289,656-206-1065-614,50.0,1920,1080,train
360bU-vBJOI,12867,13032,820-176-1240-596,24.0,1920,1080,test
2IFa0tqHrwE,6921,7133,1037-294-1429-685,24.0,1920,1080,train
4E_1AB1rsSw,10714,10884,1225-111-1700-585,24.0,1920,1080,test
0gks6ceq4eQ,17414,17568,1008-63-1519-575,24.0,1920,1080,test
ERSZb2wHFDw,11903,12049,800-180-1226-605,30.0,1920,1080,train
U51MSK6nSQE,12982,13375,1213-110-1672-568,24.0,1920,1080,train
BzeTjn0R2VY,20243,20385,671-61-1155-546,24.0,1920,1080,train
bNpx7gpSqbY,8243,8415,414-31-811-428,24.0,1280,720,train
cgxZ4H3gJ8c,15037,15423,419-67-779-427,24.0,1280,720,train
raCIUeGUr3s,828,962,403-80-709-386,30.0,1280,720,train
I3BJVaioX_k,18895,19194,620-101-1134-614,25.0,1920,1080,train
3zJHwOwirjA,6829,7078,405-161-770-525,24.0,1920,1080,train
t0Cr64zCc38,16937,17181,954-125-1453-624,24.0,1920,1080,train
iMFJef3xnmg,24671,25227,842-170-1303-632,30.0,1920,1080,train
PJLT0cAPNfs,4731,4905,1100-171-1545-616,24.0,1920,1080,train
LnJwH_PZXnM,20609,20825,986-134-1451-600,25.0,1920,1080,train
77HUdJ7Tij0,7186,7316,1222-109-1668-555,25.0,1920,1080,train
BzeTjn0R2VY,13774,13980,615-11-1192-588,24.0,1920,1080,train
iMFJef3xnmg,891,1078,669-182-1126-638,30.0,1920,1080,train
zbHe4RpgV80,7350,7492,615-211-1021-617,30.0,1920,1080,test
fO2htapfNhA,14908,15079,616-54-1126-562,24.0,1920,1080,train
RcGyVTAoXEU,10100,10243,649-60-993-404,25.0,1280,720,train
hU-aTB-heU0,17365,17560,752-127-1088-462,30.0,1920,1080,train
vQILP19qABk,9286,9565,682-108-1017-443,30.0,1280,720,train
1fZ915L1w7I,11968,12149,806-190-1208-593,30.0,1920,1080,train
lyR-K2CZIHQ,5664,5906,585-52-937-403,24.0,1280,720,train
I3BJVaioX_k,20337,20686,545-102-1065-623,25.0,1920,1080,train
4E_1AB1rsSw,10112,10411,1190-120-1652-583,24.0,1920,1080,test
0JGarsZE1rk,18217,18408,347-57-875-586,24.0,1920,1080,train
4E_1AB1rsSw,6255,6461,1198-107-1662-573,24.0,1920,1080,test
g2m97gPI70I,5586,5728,172-90-501-419,30.0,1280,720,train
-eBUcBfkVCo,46901,47078,485-119-818-452,30.0,1280,720,train
3lVNA4aF1lg,6525,6791,682-114-1189-621,25.0,1920,1080,train
1k89OTpDvIU,5282,5447,739-59-1091-411,30.0,1280,720,train
cZe3zcNoIKk,3813,3988,617-87-1166-635,25.0,1920,1080,train
UoMpbL_Fsig,780,962,466-64-777-375,24.0,1280,720,train
ON4iy8hq2hM,11970,12110,1094-174-1537-618,24.0,1920,1080,train
6wNif5SlN08,11660,11924,718-94-1058-434,24.0,1280,720,train
U51MSK6nSQE,5486,5673,1178-119-1606-547,24.0,1920,1080,train
yNhu0MG_2MA,14024,14297,676-55-1179-557,24.0,1920,1080,train
y7l5QHRY_AI,7139,7386,491-61-845-415,24.0,1280,720,train
tbvUCrS5_5I,4632,4773,712-123-1211-621,24.0,1920,1080,train
vQILP19qABk,13867,14019,699-120-1009-430,30.0,1280,720,train
VJoQj00RZHg,7527,7692,461-93-770-402,25.0,1280,720,train
pxEcvU0Vp_M,6057,6264,800-169-1193-563,30.0,1920,1080,train
LcNvkhS4UYg,10842,10979,850-164-1210-522,30.0,1920,1080,test
iFTWM7HV2UI,18446,18693,726-94-1262-631,24.0,1920,1080,train
4E_1AB1rsSw,4064,4342,1222-119-1667-564,24.0,1920,1080,test
YUUP2MMz7PU,2609,2952,752-186-1164-598,24.0,1920,1080,train
TLZ6W-Nqv1I,17442,17593,998-131-1478-611,25.0,1920,1080,train
kmbui1xF8DE,15953,16213,683-123-1225-665,25.0,1920,1080,train
rToBZSrxjgM,2341,2472,700-64-1039-403,24.0,1280,720,train
B43f89Y9f-A,14203,14426,529-270-923-665,30.0,1920,1080,train
BzeTjn0R2VY,5198,5382,258-56-827-625,24.0,1920,1080,train
27lMmdmy-b8,9976,10272,393-46-748-400,30.0,1280,720,train
yhMi0tkYyT8,19941,20307,492-58-839-404,30.0,1280,720,train
RovaUZY3e8k,2916,3169,324-17-735-429,24.0,1280,720,train
1fZ915L1w7I,554,752,793-105-1236-548,30.0,1920,1080,train
kaU7IPlg9PA,3917,4190,1196-99-1633-536,25.0,1920,1080,train
oGlsUYGMYks,2271,2455,404-76-748-420,24.0,1280,720,train
yNhu0MG_2MA,16183,16544,695-72-1174-551,24.0,1920,1080,train
vPn94XAUBoo,1562,1821,528-59-874-405,24.0,1280,720,train
yLfCCcVDUiU,7354,7607,902-340-1270-707,24.0,1920,1080,train
YUUP2MMz7PU,3692,3821,800-185-1209-595,24.0,1920,1080,train
U51MSK6nSQE,959,1199,1216-107-1663-554,24.0,1920,1080,train
iMFJef3xnmg,541,795,729-196-1172-638,30.0,1920,1080,train
iFTWM7HV2UI,13431,13905,709-142-1160-594,24.0,1920,1080,train
iMFJef3xnmg,21011,21913,855-179-1300-623,30.0,1920,1080,train
F3mzS32SH2Q,15905,16083,435-263-800-628,25.0,1920,1080,train
pxEcvU0Vp_M,21526,21722,796-197-1142-542,30.0,1920,1080,train
iFTWM7HV2UI,10355,10616,737-129-1204-595,24.0,1920,1080,train
jAw8t2g-eVU,8276,8728,692-103-1176-586,30.0,1920,1080,train
VMXdSkW6hns,12546,12870,679-67-1199-587,30.0,1920,1080,train
eaCrsBtiYA4,10465,10784,215-119-741-645,24.0,1920,1080,train
2VBkDNzeRZM,4732,4938,349-70-923-645,24.0,1920,1080,train
wYb3Wimn01s,402,534,878-101-1359-583,24.0,1920,1080,train
bGUVQaBdxKw,13965,14129,1226-113-1689-577,25.0,1920,1080,train
tuvxXnQrRv8,12883,13120,1224-123-1694-593,25.0,1920,1080,train
Juc_yvEkJuc,6698,6833,1106-73-1640-607,25.0,1920,1080,train
YUUP2MMz7PU,4967,5164,764-186-1176-598,24.0,1920,1080,train
ER0G2S9r7aE,11569,11705,576-135-1013-572,25.0,1920,1080,train
0gks6ceq4eQ,14103,14264,1030-69-1534-572,24.0,1920,1080,test
CTn0HYmMAYM,12038,12321,807-174-1301-667,25.0,1920,1080,train
zbHe4RpgV80,20694,21047,920-206-1323-609,30.0,1920,1080,test
501FEzbB1JI,7406,7594,246-74-597-425,30.0,1280,720,train
SF9qq6vQ3Pg,12614,12762,828-171-1256-599,24.0,1920,1080,train
iMFJef3xnmg,4140,4584,747-182-1186-621,30.0,1920,1080,train
77HUdJ7Tij0,13225,13483,1210-107-1698-595,25.0,1920,1080,train
kmbui1xF8DE,2148,2395,669-70-1247-649,25.0,1920,1080,train
2Brajdazp1o,11560,11741,703-83-1051-431,30.0,1280,720,train
B43f89Y9f-A,14427,14653,529-278-914-663,30.0,1920,1080,train
-7ORAKULel4,19858,20076,755-197-1224-665,25.0,1920,1080,train
9EVEmZ2c_es,13627,13824,675-76-1026-427,30.0,1280,720,train
pxEcvU0Vp_M,2773,3073,850-198-1192-539,30.0,1920,1080,train
ERSZb2wHFDw,2886,3100,750-173-1200-622,30.0,1920,1080,train
zMWYQRKuc5M,20879,21008,798-51-1112-365,24.0,1280,720,train
oGlsUYGMYks,11880,12201,354-61-742-448,24.0,1280,720,train
fWqKalpYgLo,1296,1455,334-164-730-560,25.0,1920,1080,train
g3vSYbT1Aco,17247,17381,575-140-1051-616,24.0,1920,1080,train
ZCRC5_0kfiw,10674,10852,697-68-1030-403,30.0,1280,720,train
rftagV38YKY,12970,13145,247-64-573-391,24.0,1280,720,train
BXlnrFpCu0c,26558,26762,433-81-741-388,30.0,1280,720,train
fO2htapfNhA,10834,11101,689-62-1196-569,24.0,1920,1080,train
g3vSYbT1Aco,12113,12300,491-111-1011-631,24.0,1920,1080,train
2paoNvG5Nmo,18161,18303,781-156-1278-654,50.0,1920,1080,train
JKS7HWy2TRU,1690,2062,1138-166-1597-624,24.0,1920,1080,train
y7l5QHRY_AI,587,1006,439-64-803-428,24.0,1280,720,train
-H1tUMRJoeo,1296,1442,1021-84-1544-608,24.0,1920,1080,train
CsECS5qsGLs,5768,5922,820-91-1138-410,25.0,1280,720,train
Cr1usGUSuL4,7426,7555,542-96-890-443,24.0,1280,720,train
iFTWM7HV2UI,6125,6435,671-49-1294-672,24.0,1920,1080,train
i-icXZ2tMRM,12258,12558,590-104-905-419,24.0,1280,720,train
UQzvNIIMayo,8793,9029,721-82-1267-628,30.0,1920,1080,train
oGlsUYGMYks,15430,15725,383-77-723-416,24.0,1280,720,train
RDIy58g9n2k,7326,7494,403-80-719-395,24.0,1280,720,train
U4gR_cd6xOc,3971,4121,253-84-690-521,24.0,1920,1080,train
tuvxXnQrRv8,3137,3330,1170-128-1645-604,25.0,1920,1080,train
QeIrdqU0o9s,5982,6229,468-88-778-398,24.0,1280,720,train
v3-ZTqj2_kw,23193,23383,307-54-651-398,30.0,1280,720,train
r-YXvkWLy-g,7151,7366,310-118-794-603,24.0,1920,1080,train
Xb1Wq4NA290,13417,13602,982-89-1428-535,24.0,1920,1080,train
yjYrxcGSWX4,7930,8096,327-265-725-664,25.0,1920,1080,train
cK74vhqzeeQ,1775,2079,333-46-678-390,25.0,1280,720,test
iMFJef3xnmg,1766,1895,705-194-1135-624,30.0,1920,1080,train
yNhu0MG_2MA,1526,1929,722-139-1190-607,24.0,1920,1080,train
1N39Z0ODeME,8820,9044,506-162-821-476,30.0,1280,720,train
-nKdufEaL8k,1783,1933,259-123-650-514,25.0,1920,1080,train
eemOZfsrKdg,1065,1255,383-144-772-534,25.0,1920,1080,train
501FEzbB1JI,10268,10443,280-65-659-444,30.0,1280,720,train
uuatZO76MgQ,2428,2636,963-89-1449-575,30.0,1920,1080,train
lV3trdyDdHE,16576,16818,578-36-977-435,25.0,1280,720,train
j-S03JfgHEA,2604,2742,772-75-1103-404,25.0,1280,720,train
3lVNA4aF1lg,2338,2554,699-138-1193-632,25.0,1920,1080,train
QeIrdqU0o9s,5459,5642,447-69-791-412,24.0,1280,720,train
AHV_BxlNzmM,17655,17839,727-133-1061-468,24.0,1920,1080,train
eemOZfsrKdg,10670,10973,569-75-1037-543,25.0,1920,1080,train
2Euof4PnjDk,11683,11931,751-113-1086-447,24.0,1280,720,train
9KvZy09vaNg,12208,12365,931-123-1355-548,24.0,1920,1080,train
xv4_L5zlYaA,15194,15386,660-156-1079-575,24.0,1920,1080,train
zpjxElfNpks,10561,10716,548-158-1015-624,25.0,1920,1080,test
cgxZ4H3gJ8c,16105,16318,385-69-745-429,24.0,1280,720,train
iB4MS1hsWXU,11324,11469,1012-124-1561-674,24.0,1920,1080,test
d6NKdnZvdoo,10763,10949,712-69-1040-396,25.0,1280,720,train
3wxBTEo8-T8,6514,6682,517-71-827-380,24.0,1280,720,test
54ST8bwOVyc,3983,4116,769-122-1219-572,24.0,1920,1080,train
bCucggordMM,11903,12040,301-183-746-628,24.0,1920,1080,test
y7l5QHRY_AI,2445,2710,428-54-781-407,24.0,1280,720,train
iFTWM7HV2UI,2425,2700,718-109-1249-640,24.0,1920,1080,train
yLfCCcVDUiU,14401,14559,1002-194-1349-540,24.0,1920,1080,train
QeIrdqU0o9s,7820,7991,376-66-726-416,24.0,1280,720,train
g9M3HIjHuq0,11056,11237,717-74-1054-411,24.0,1280,720,train
2ju61VPdTzw,21138,21274,457-76-770-387,30.0,1280,720,train
2paoNvG5Nmo,52760,52890,678-210-1115-647,50.0,1920,1080,train
raCIUeGUr3s,18608,18808,283-83-597-397,30.0,1280,720,train
qH4GAXXH29s,4171,4348,508-55-894-441,24.0,1280,720,train
ONs9FCY74p0,20805,20938,1133-153-1573-593,24.0,1920,1080,train
0DHywidLX6A,4696,4898,1068-132-1528-592,24.0,1920,1080,train
BXlnrFpCu0c,7692,8093,582-66-888-372,30.0,1280,720,train
RZgkjEdMbSw,2878,3025,1043-144-1503-605,24.0,1920,1080,train
iFTWM7HV2UI,27461,27836,741-94-1245-598,24.0,1920,1080,train
360bU-vBJOI,9474,9620,722-155-1192-625,24.0,1920,1080,test
wYb3Wimn01s,3364,3510,1005-80-1521-596,24.0,1920,1080,train
4E_1AB1rsSw,16185,16451,1215-123-1675-583,24.0,1920,1080,test
Juc_yvEkJuc,1721,1946,1145-141-1639-635,25.0,1920,1080,train
iMFJef3xnmg,14145,14649,796-157-1254-614,30.0,1920,1080,train
HCgv_HNoJrY,6985,7172,652-61-994-403,24.0,1280,720,train
t0Cr64zCc38,5724,5936,865-124-1361-620,24.0,1920,1080,train
oGlsUYGMYks,10112,10275,403-76-743-416,24.0,1280,720,train
I3BJVaioX_k,15742,15941,516-100-1064-648,25.0,1920,1080,train
oGlsUYGMYks,12737,12897,360-78-714-432,24.0,1280,720,train
8Dv2Hdf5TRg,5670,5856,556-69-887-400,24.0,1280,720,test
zbHe4RpgV80,3048,3221,502-207-886-591,30.0,1920,1080,test
1AT5klu_yAQ,10294,10479,194-48-692-546,24.0,1920,1080,train
FDhlOovaGrI,20017,20178,624-68-970-415,24.0,1280,720,test
DhnBn_c9f8Q,3002,3228,944-132-1430-618,24.0,1920,1080,train
9RTkZaX1cH0,10065,10291,311-78-654-421,30.0,1280,720,train
rYwTA5RA9eU,8589,8721,631-112-956-436,25.0,1280,720,train
gWPFJgLAzu4,15751,15952,676-51-1039-414,25.0,1280,720,train
9EVEmZ2c_es,8486,8868,726-46-1094-412,30.0,1280,720,train
VJoQj00RZHg,5864,6113,452-77-787-412,25.0,1280,720,train
ER15KmrB8h8,2508,2709,758-56-1307-605,24.0,1920,1080,train
PJLT0cAPNfs,7392,7627,1084-180-1519-614,24.0,1920,1080,train
lV3trdyDdHE,13121,13308,661-62-1001-401,25.0,1280,720,train
Hh09xlzxRmE,8629,8818,250-63-598-412,25.0,1280,720,train
27lMmdmy-b8,6544,6705,452-41-809-397,30.0,1280,720,train
U4gR_cd6xOc,8750,9090,391-52-880-541,24.0,1920,1080,train
ERSZb2wHFDw,3624,3897,750-177-1196-622,30.0,1920,1080,train
2IFa0tqHrwE,878,1063,969-300-1361-692,24.0,1920,1080,train
gJzSWacrkKo,5298,5427,1077-127-1536-586,25.0,1920,1080,test
Juc_yvEkJuc,3099,3249,1143-126-1628-611,25.0,1920,1080,train
zbHe4RpgV80,19622,19887,400-173-848-622,30.0,1920,1080,test
oGlsUYGMYks,4524,4665,359-87-692-420,24.0,1280,720,train
4CGFPbFqdJ4,6370,6664,749-88-1238-575,24.0,1920,1080,train
FDhlOovaGrI,10929,11233,304-56-652-404,24.0,1280,720,test
TLZ6W-Nqv1I,18766,18985,1042-131-1485-573,25.0,1920,1080,train
fO2htapfNhA,496,626,795-35-1339-579,24.0,1920,1080,train
UoMpbL_Fsig,7884,8028,487-38-824-376,24.0,1280,720,train
08z_xW-szwM,5044,5209,650-248-1041-639,30.0,1920,1080,train
EEjyPqyFe_s,18650,18899,693-55-1044-407,24.0,1280,720,train
360bU-vBJOI,1258,1545,731-151-1217-637,24.0,1920,1080,test
U51MSK6nSQE,7802,8074,1252-113-1704-563,24.0,1920,1080,train
FauPVZxDXxk,7454,7671,452-77-787-411,24.0,1280,720,train
GwRzjFQa_Og,6775,7595,578-66-1111-599,29.97,1920,1080,train
2_0aEezKvBE,2811,2945,510-73-820-384,30.0,1280,720,train
hs-YuHv0vUk,5291,5450,1052-69-1575-592,24.0,1920,1080,train
tFfYh9THuGo,14095,14334,267-102-768-603,24.0,1920,1080,train
y8ohTeRKVqs,14302,14513,390-80-919-608,24.0,1920,1080,train
BzeTjn0R2VY,1029,1183,552-46-1066-559,24.0,1920,1080,train
2VBkDNzeRZM,895,1218,434-71-943-580,24.0,1920,1080,train
ni4FV5zL6lM,4609,4750,335-54-702-422,24.0,1280,720,train
TdQ1eaZH-J8,2328,2538,335-109-650-424,30.0,1280,720,train
TLZ6W-Nqv1I,18582,18765,882-67-1473-658,25.0,1920,1080,train
yhMi0tkYyT8,3868,4037,479-75-792-388,30.0,1280,720,train
Kv0Xz0lMKDQ,4906,5347,1221-124-1691-594,25.0,1920,1080,train
3NdSVi38RM8,5706,5978,609-96-930-417,24.0,1280,720,train
16p9YRF0l-g,8670,8827,306-44-664-402,24.0,1280,720,train
fwvbx80QidM,3253,3524,1039-132-1550-643,24.0,1920,1080,train
b2Jv8vC-m3g,2261,2415,1031-137-1524-630,24.0,1920,1080,test
fO2htapfNhA,4109,4335,711-60-1206-556,24.0,1920,1080,train
hU-aTB-heU0,2405,2552,794-123-1134-463,30.0,1920,1080,train
ClfBxWPkBKU,14665,15393,180-37-531-388,30.0,1280,720,train
hJnEQCMA5Sg,8095,8256,696-101-1003-407,24.0,1280,720,train
cK74vhqzeeQ,12425,12799,521-54-857-390,25.0,1280,720,test
vC1uxXvPG0Q,14388,14621,346-79-649-381,24.0,1280,720,train
Kv0Xz0lMKDQ,14014,14209,1275-108-1764-597,25.0,1920,1080,train
xnfEBUI_YTE,12337,12493,747-152-1210-614,24.0,1920,1080,train
oEIYHTlbeLA,6578,6716,488-85-819-417,24.0,1280,720,train
5bXiuSrZUKg,21583,21739,311-25-729-443,30.0,1280,720,train
7Q59suYxIec,10991,11156,273-81-737-545,24.0,1920,1080,train
YUUP2MMz7PU,8145,8499,697-185-1111-599,24.0,1920,1080,train
CXvUdCdKTJY,5931,6095,372-93-692-413,24.0,1280,720,train
U51MSK6nSQE,3538,3816,1211-102-1682-573,24.0,1920,1080,train
5MuIMqhT8DM,21992,22166,745-104-1279-638,24.0,1920,1080,train
iwUkbi4_wWo,11939,12086,1164-109-1664-609,25.0,1920,1080,train
8v_GrrQs8ow,15456,15661,758-65-1108-414,24.0,1280,720,train
4E_1AB1rsSw,1526,1706,1219-123-1648-552,24.0,1920,1080,test
wzjVT07bcYA,10698,10878,1021-171-1482-631,24.0,1920,1080,train
fO2htapfNhA,8980,9184,699-60-1187-547,24.0,1920,1080,train
DsrxbqFo41k,19914,20055,470-35-844-408,24.0,1280,720,test
7Lc_dlVrg5M,26555,26698,791-74-1102-386,24.0,1280,720,train
dO1LxQEoGLc,13098,13461,260-272-656-667,30.0,1920,1080,train
BzeTjn0R2VY,23005,23200,548-76-1068-596,24.0,1920,1080,train
JKsHhXwqDqM,30363,30585,648-77-969-398,25.0,1280,720,test
g9M3HIjHuq0,13635,13782,602-62-959-419,24.0,1280,720,train
kaU7IPlg9PA,5940,6114,1264-107-1691-536,25.0,1920,1080,train
oXeAWdHP0uY,6555,6853,696-101-1219-624,25.0,1920,1080,train
KzIp4IzDPG0,394,579,591-139-1125-673,25.0,1920,1080,train
DBBA2LAsepU,4487,4685,785-93-1259-567,24.0,1920,1080,train
SF9qq6vQ3Pg,10707,10856,653-114-1196-657,24.0,1920,1080,train
Ubbmje44gLg,16858,17112,937-168-1302-532,25.0,1920,1080,train
27lMmdmy-b8,18317,18820,453-62-798-407,30.0,1280,720,train
iqKYtA3pK1c,2587,2882,1108-152-1586-629,24.0,1920,1080,train
lyR-K2CZIHQ,11097,11305,810-103-1125-419,24.0,1280,720,train
KyVSuI6JyOs,20209,20340,708-76-1228-596,24.0,1920,1080,train
P2AUat93a8Q,16766,16967,644-66-949-370,24.0,1280,720,train
RjquHTj4HlY,18430,18756,1005-170-1508-673,24.0,1920,1080,train
yMWlkJAqKYU,5708,5838,314-103-636-424,24.0,1280,720,test
aTfwA1TaH3Q,8426,8637,729-54-1070-395,24.0,1280,720,train
GIrfNWed1Mk,11411,11696,1216-172-1687-642,24.0,1920,1080,test
aQsOmGflf1o,11747,11884,279-202-673-596,25.0,1920,1080,train
360bU-vBJOI,17243,17480,772-155-1238-620,24.0,1920,1080,test
xDKth-qS8Jk,6056,6206,1091-110-1564-583,25.0,1920,1080,train
CZNrOzgNWf4,8518,8650,712-71-1041-400,30.0,1280,720,train
O13KwsyDqeE,26321,26512,538-62-887-412,30.0,1280,720,train
i2l9v_seHCc,11649,11793,1120-178-1550-609,24.0,1920,1080,train
oGlsUYGMYks,4000,4134,374-73-718-417,24.0,1280,720,train
kSR8G8mfp84,10386,10553,371-44-708-382,24.0,1280,720,train
1g-1_Y3fvUg,8302,8433,952-95-1435-577,24.0,1920,1080,train
9RTkZaX1cH0,2602,2768,254-91-584-420,30.0,1280,720,train
3VTsIju1dLI,10817,11015,1054-94-1563-604,24.0,1920,1080,train
zbHe4RpgV80,26249,26379,377-194-752-570,30.0,1920,1080,test
ClfBxWPkBKU,15449,15598,172-43-514-385,30.0,1280,720,train
iFTWM7HV2UI,24229,24550,746-115-1233-602,24.0,1920,1080,train
TLZ6W-Nqv1I,3016,3387,1053-100-1536-583,25.0,1920,1080,train
-nKdufEaL8k,454,730,335-136-721-522,25.0,1920,1080,train
ERSZb2wHFDw,865,1129,780-178-1209-607,30.0,1920,1080,train
P2AUat93a8Q,20587,20761,601-61-923-383,24.0,1280,720,train
RKK7wGAYP6k,2345,2491,367-93-859-585,24.0,1920,1080,train
sNQfoYm3WI0,1946,2147,1230-169-1649-588,25.0,1920,1080,train
DzNN_4rcIjs,9734,10104,496-51-824-378,25.0,1280,720,train
kdqUhTnAgJU,9444,9587,624-69-946-391,30.0,1280,720,train
lhP52caGW6s,835,1058,622-14-1007-398,25.0,1280,720,train
Ds_rzoyyfF0,10122,10297,581-49-945-414,24.0,1280,720,train
87qLWFZManA,10325,10469,1056-148-1532-623,24.0,1920,1080,train
B43f89Y9f-A,12764,12911,517-269-911-663,30.0,1920,1080,train
UxLRv0FEndM,4055,4197,766-168-1085-487,24.0,1280,720,train
Xb1Wq4NA290,5032,5283,1080-100-1528-547,24.0,1920,1080,train
GIrfNWed1Mk,6437,6574,1240-176-1706-643,24.0,1920,1080,test
1g-1_Y3fvUg,8445,8604,895-90-1395-589,24.0,1920,1080,train
HI7zfpitZpo,15101,15257,484-32-852-400,24.0,1280,720,train
iMFJef3xnmg,30251,30463,848-176-1329-656,30.0,1920,1080,train
GwRzjFQa_Og,17002,17601,623-71-1157-605,29.97,1920,1080,train
1AT5klu_yAQ,7902,8045,230-74-683-527,24.0,1920,1080,train
i2l9v_seHCc,15106,15294,1200-153-1626-579,24.0,1920,1080,train
kmbui1xF8DE,5890,6031,689-139-1207-656,25.0,1920,1080,train
a63t8r70QN0,21652,21817,209-266-548-604,30.0,1920,1080,train
6iM6M_7wBMc,1586,1872,1086-111-1577-602,24.0,1920,1080,train
HzAtOyw6ACw,13374,13694,954-133-1441-619,24.0,1920,1080,train
51k3UASQE5E,13143,13291,490-214-901-624,24.0,1920,1080,train
kLIfeGflNp8,17580,17740,800-53-1102-355,24.0,1280,720,train
iMFJef3xnmg,27492,27819,913-133-1433-653,30.0,1920,1080,train
PrUA8L40Dic,3009,3139,934-64-1488-618,24.0,1920,1080,train
EjSuaeVfE9I,17823,17953,585-70-893-376,25.0,1280,720,test
uTL9tm7S1Io,8277,8561,511-55-846-390,24.0,1280,720,train
BltRufe5kkI,2395,2555,684-215-1127-657,24.0,1920,1080,train
Ubbmje44gLg,9773,9946,947-165-1314-532,25.0,1920,1080,train
ER15KmrB8h8,643,799,753-73-1262-581,24.0,1920,1080,train
pyFcr2WcOyo,7334,7524,1132-247-1496-611,24.0,1920,1080,train
CXvUdCdKTJY,8503,8648,360-90-685-415,24.0,1280,720,train
yNhu0MG_2MA,12473,12938,639-80-1110-551,24.0,1920,1080,train
Juc_yvEkJuc,9008,9193,1091-36-1709-653,25.0,1920,1080,train
HI7zfpitZpo,6547,6782,307-43-661-398,24.0,1280,720,train
7G4WI4oTC5A,22837,23077,639-113-1201-675,30.0,1920,1080,train
y7l5QHRY_AI,6162,6621,446-58-800-412,24.0,1280,720,train
A2DzsgJSwcc,8903,9046,1118-96-1578-556,24.0,1920,1080,test
3zJHwOwirjA,6672,6829,1122-296-1522-696,24.0,1920,1080,train
4R3gFN8sUa8,1178,1328,1027-93-1527-593,24.0,1920,1080,train
eemOZfsrKdg,11777,11954,674-96-1094-517,25.0,1920,1080,train
08z_xW-szwM,12590,12788,687-270-1054-637,30.0,1920,1080,train
hU-aTB-heU0,1360,1503,581-109-1074-601,30.0,1920,1080,train
y7l5QHRY_AI,2159,2351,461-58-811-408,24.0,1280,720,train
_GMVTJ9ZKVc,5372,5533,423-38-776-390,30.0,1280,720,train
vQILP19qABk,2812,2959,517-85-869-436,30.0,1280,720,train
TLZ6W-Nqv1I,10662,10878,974-110-1410-545,25.0,1920,1080,train
-vqV-gHa2FE,6453,6717,451-69-814-432,24.0,1280,720,test
tFfYh9THuGo,14861,15017,305-129-738-562,24.0,1920,1080,train
77HUdJ7Tij0,8006,8207,1201-110-1651-558,25.0,1920,1080,train
cC0KxNeLp1E,2385,2543,311-67-648-404,24.0,1280,720,train
xHHb7R3kx40,17134,17281,803-94-1267-557,24.0,1920,1080,train
LnJwH_PZXnM,21765,22074,811-105-1370-663,25.0,1920,1080,train
ER15KmrB8h8,13352,13527,786-72-1298-584,24.0,1920,1080,train
aI8KiPiVLyY,14355,14839,479-67-862-451,24.0,1280,720,train
DhnBn_c9f8Q,5403,5589,979-135-1451-606,24.0,1920,1080,train
guXxy8LH2QM,8246,8417,757-157-1189-590,30.0,1920,1080,train
7Lc_dlVrg5M,23285,23413,751-36-1095-381,24.0,1280,720,train
eemOZfsrKdg,6510,6666,325-143-726-544,25.0,1920,1080,train
PJLT0cAPNfs,10075,10374,1120-175-1560-614,24.0,1920,1080,train
YUUP2MMz7PU,6534,7059,625-183-1040-598,24.0,1920,1080,train
2paoNvG5Nmo,44332,44592,737-203-1246-712,50.0,1920,1080,train
xv4_L5zlYaA,12043,12227,589-172-1029-613,24.0,1920,1080,train
oGlsUYGMYks,14723,14875,320-45-730-455,24.0,1280,720,train
51k3UASQE5E,6415,6658,498-200-931-633,24.0,1920,1080,train
cK74vhqzeeQ,2949,3251,454-59-772-377,25.0,1280,720,test
4E_1AB1rsSw,5649,5841,1222-109-1681-568,24.0,1920,1080,test
9alL95G293s,6729,6873,852-84-1400-632,25.0,1920,1080,train
xDKth-qS8Jk,20110,20478,1044-49-1607-612,25.0,1920,1080,train
pxEcvU0Vp_M,29640,29791,792-193-1114-515,30.0,1920,1080,train
iFTWM7HV2UI,7168,7474,722-99-1226-602,24.0,1920,1080,train
y7l5QHRY_AI,12051,12267,476-66-819-409,24.0,1280,720,train
5MuIMqhT8DM,3969,4099,877-81-1428-633,24.0,1920,1080,train
cK74vhqzeeQ,29350,29504,394-46-722-374,25.0,1280,720,test
501FEzbB1JI,4736,4965,310-89-647-424,30.0,1280,720,train
bWA1gvA5lxU,3611,3801,1160-99-1650-588,25.0,1920,1080,train
jr5mTwfFh00,2750,2896,676-174-1025-524,24.0,1920,1080,test
idfv7Lw4Y_s,5643,5856,834-85-1354-604,25.0,1920,1080,train
kBBmVezBUkg,2268,2413,649-46-1162-557,30.0,1920,1080,train
iMFJef3xnmg,16662,16900,839-179-1282-623,30.0,1920,1080,train
aQsOmGflf1o,16408,16602,285-212-664-589,25.0,1920,1080,train
FauPVZxDXxk,2089,2296,443-48-786-392,24.0,1280,720,train
9alL95G293s,10973,11104,481-279-872-670,25.0,1920,1080,train
IFpK-MqBD5E,8315,8444,393-218-786-610,24.0,1920,1080,train
gypAjPp6eps,3126,3378,246-80-618-452,24.0,1280,720,train
yNhu0MG_2MA,6577,7061,567-74-1030-535,24.0,1920,1080,train
pyFcr2WcOyo,5628,5991,1123-246-1493-617,24.0,1920,1080,train
oGlsUYGMYks,7305,7605,399-79-742-421,24.0,1280,720,train
rtcrqLWZr_0,8160,8422,704-93-1173-563,24.0,1920,1080,train
0R9zjn9BBvA,7885,8045,777-60-1294-577,24.0,1920,1080,test
fO2htapfNhA,7182,7362,624-56-1130-562,24.0,1920,1080,train
iqKYtA3pK1c,17050,17329,1123-150-1605-632,24.0,1920,1080,train
kdAs3UVgIGg,7967,8110,1299-166-1699-567,25.0,1920,1080,train
fO2htapfNhA,12416,12613,587-62-1096-571,24.0,1920,1080,train
5bXiuSrZUKg,5705,6042,412-59-786-432,30.0,1280,720,train
w8mToWb9NC8,2079,2372,888-166-1229-507,30.0,1920,1080,train
v9EKV2nSU8w,12312,12538,868-54-1458-644,24.0,1920,1080,train
S2H_8IfxzT4,5889,6017,253-45-613-406,24.0,1280,720,train
iB4MS1hsWXU,9870,10004,1294-127-1698-531,24.0,1920,1080,test
4CGFPbFqdJ4,5371,5499,749-89-1229-569,24.0,1920,1080,train
2Euof4PnjDk,10238,10431,761-119-1088-446,24.0,1280,720,train
HCgv_HNoJrY,17375,17606,675-71-1014-411,24.0,1280,720,train
501FEzbB1JI,8005,8205,246-86-585-425,30.0,1280,720,train
y7l5QHRY_AI,10228,10443,467-64-811-409,24.0,1280,720,train
GIrfNWed1Mk,13049,13340,1218-176-1695-653,24.0,1920,1080,test
eaCrsBtiYA4,13640,13820,1196-228-1567-598,24.0,1920,1080,train
CZNrOzgNWf4,8681,8822,722-18-1130-426,30.0,1280,720,train
idfv7Lw4Y_s,8604,8915,656-63-1237-643,25.0,1920,1080,train
5ErKrSyUpEo,28084,28318,312-19-926-632,24.0,1920,1080,train
360bU-vBJOI,4334,4656,745-174-1175-606,24.0,1920,1080,test
iMFJef3xnmg,9191,9506,730-167-1161-598,30.0,1920,1080,train
ER15KmrB8h8,4086,4362,724-60-1267-603,24.0,1920,1080,train
QijH4UAqGD8,314,467,304-38-909-643,24.0,1920,1080,train
RKK7wGAYP6k,3580,3754,348-99-826-578,24.0,1920,1080,train
jAw8t2g-eVU,3656,3975,560-89-1065-594,30.0,1920,1080,train
hU-aTB-heU0,11708,11916,763-92-1142-471,30.0,1920,1080,train
0R9zjn9BBvA,6194,6354,819-10-1445-635,24.0,1920,1080,test
51k3UASQE5E,2220,2365,538-219-930-611,24.0,1920,1080,train
lAzQWtkPzbI,4332,4625,497-38-804-344,25.0,1280,720,train
mLzTo-y8Ef0,9046,9327,1045-122-1549-625,24.0,1920,1080,train
6wNif5SlN08,19941,20104,808-107-1113-412,24.0,1280,720,train
P2AUat93a8Q,11367,11521,676-63-1000-388,24.0,1280,720,train
lEjegKJwI0M,4691,4896,909-159-1386-636,24.0,1920,1080,train
hiIcwt88o94,11365,11560,777-88-1086-397,24.0,1280,720,train
8Z24LCysq3A,10985,11156,440-46-788-393,25.0,1280,720,train
DOgsYATbV-s,7513,7678,630-79-956-405,24.0,1280,720,train
idfv7Lw4Y_s,10022,10476,727-104-1228-604,25.0,1920,1080,train
Jc9RdbHEFa0,10035,10186,266-73-624-431,24.0,1280,720,test
LiUClSItcy0,4099,4317,483-104-797-419,24.0,1280,720,test
QeIrdqU0o9s,1540,1710,428-76-746-394,24.0,1280,720,train
a63t8r70QN0,778,1084,945-242-1348-645,30.0,1920,1080,train
xDKth-qS8Jk,7409,7689,1021-86-1522-587,25.0,1920,1080,train
QeIrdqU0o9s,14577,14722,380-58-744-422,24.0,1280,720,train
P2AUat93a8Q,15177,15367,513-37-880-404,24.0,1280,720,train
2VBkDNzeRZM,8304,8487,442-86-964-609,24.0,1920,1080,train
r-YXvkWLy-g,2607,2908,328-116-821-609,24.0,1920,1080,train
ni4FV5zL6lM,1731,1884,282-54-650-422,24.0,1280,720,train
_2u_eHHzRto,15410,15606,744-44-1117-416,24.0,1280,720,test
9zC2Bc22QfA,5225,5435,751-104-1247-601,25.0,1920,1080,test
t0Cr64zCc38,5043,5193,1194-116-1640-563,24.0,1920,1080,train
jAw8t2g-eVU,11256,11542,572-88-1058-574,30.0,1920,1080,train
kBBmVezBUkg,2767,3311,614-90-1108-584,30.0,1920,1080,train
Juc_yvEkJuc,12276,12435,1141-57-1742-659,25.0,1920,1080,train
cZe3zcNoIKk,4909,5048,785-151-1247-613,25.0,1920,1080,train
kdqUhTnAgJU,9043,9203,649-67-980-398,30.0,1280,720,train
-2Dj9M71JAc,18345,18501,361-35-698-372,24.0,1280,720,train
uuatZO76MgQ,8004,8184,680-104-1166-590,30.0,1920,1080,train
77HUdJ7Tij0,18050,18284,1074-88-1571-586,25.0,1920,1080,train
2ju61VPdTzw,21558,21719,525-84-829-388,30.0,1280,720,train
ER15KmrB8h8,4364,4507,669-80-1178-588,24.0,1920,1080,train
KPNn880KWfU,1045,1186,516-60-842-385,25.0,1280,720,train
hn8N8p9P5gw,20293,20452,306-141-743-578,24.0,1920,1080,test
CstD6O95L-o,25087,25332,391-68-720-397,30.0,1280,720,train
B43f89Y9f-A,18832,19074,1099-264-1479-644,30.0,1920,1080,train
yNhu0MG_2MA,17140,17545,675-77-1144-547,24.0,1920,1080,train
5bXiuSrZUKg,18047,18212,314-60-659-406,30.0,1280,720,train
HCgv_HNoJrY,7885,8024,660-61-1014-414,24.0,1280,720,train
I3BJVaioX_k,23940,24085,746-80-1263-597,25.0,1920,1080,train
xHHb7R3kx40,12650,12856,813-97-1274-559,24.0,1920,1080,train
mgcjr1yz7ow,9089,9226,1162-53-1715-604,25.0,1920,1080,train
4zLmWpMDY8Q,17493,17716,252-232-616-596,24.0,1920,1080,train
jM9Q3xP2iBo,9779,10054,433-72-800-438,25.0,1280,720,train
08z_xW-szwM,2740,3248,666-243-1064-642,30.0,1920,1080,train
-eBUcBfkVCo,40827,40969,454-153-765-464,30.0,1280,720,train
3m6dV7Xo3Vc,2714,2899,703-119-1014-430,25.0,1280,720,train
pyFcr2WcOyo,3963,4272,1129-239-1507-616,24.0,1920,1080,train
_GMVTJ9ZKVc,24344,24566,497-36-872-412,30.0,1280,720,train
DzNN_4rcIjs,17737,18157,543-50-873-378,25.0,1280,720,train
yLfCCcVDUiU,19556,19778,860-249-1255-645,24.0,1920,1080,train
3-UcGCnJ14c,5226,5359,1154-172-1566-584,24.0,1920,1080,train
o_U-_akINwQ,16275,16443,381-299-783-701,25.0,1920,1080,test
bVV2Zk88beY,9085,9400,713-59-1049-393,30.0,1280,720,train
Sm5xF-UYgdg,28097,28227,660-90-978-407,25.0,1280,720,train
FhP0AfZdRZ4,1304,1544,1094-185-1509-600,30.0,1920,1080,train
501FEzbB1JI,474,620,236-54-590-408,30.0,1280,720,train
0B543Zkqq88,1501,1794,735-98-1282-645,25.0,1920,1080,train
g3vSYbT1Aco,15701,15837,543-106-1097-659,24.0,1920,1080,train
Cm1Ij-jRhpQ,17133,17334,909-62-1445-598,24.0,1920,1080,train
pyFcr2WcOyo,2005,2344,1132-242-1501-610,24.0,1920,1080,train
1AT5klu_yAQ,13348,13488,152-22-691-561,24.0,1920,1080,train
v9EKV2nSU8w,9175,9331,906-99-1408-601,24.0,1920,1080,train
oGlsUYGMYks,10988,11156,337-64-715-442,24.0,1280,720,train
PJLT0cAPNfs,3638,3858,1119-182-1548-612,24.0,1920,1080,train
_GMVTJ9ZKVc,5571,5763,539-45-895-400,30.0,1280,720,train
FDhlOovaGrI,6410,6567,323-41-704-422,24.0,1280,720,test
r-YXvkWLy-g,688,839,221-116-753-648,24.0,1920,1080,train
kaU7IPlg9PA,1305,1594,1196-131-1652-587,25.0,1920,1080,train
P5Mpo4JQZhw,14685,14882,518-64-827-373,24.0,1280,720,train
87ro2-kT7kQ,8970,9107,689-76-1030-417,25.0,1280,720,train
zamvnyBB-SU,2336,2555,1109-24-1663-578,24.0,1920,1080,train
Ubbmje44gLg,13378,13631,924-164-1297-537,25.0,1920,1080,train
tZYkjaKNr_o,11836,11994,333-44-670-383,25.0,1280,720,train
xDKth-qS8Jk,10004,10156,1004-57-1549-602,25.0,1920,1080,train
dsJWs6Z6eNs,8838,8983,963-125-1500-662,24.0,1920,1080,train
_ltDJynTduY,27641,27900,429-79-758-408,30.0,1280,720,test
4zLmWpMDY8Q,14283,14520,242-240-595-593,24.0,1920,1080,train
w8mToWb9NC8,22789,23007,809-162-1143-497,30.0,1920,1080,train
95ovIJ3dsNk,5138,5270,519-87-832-401,30.0,1280,720,train
J4r9pgx_95E,5979,6112,1076-100-1571-596,24.0,1920,1080,train
501FEzbB1JI,12496,12671,285-80-641-436,30.0,1280,720,train
IFpK-MqBD5E,6644,6818,162-135-543-515,24.0,1920,1080,train
4CGFPbFqdJ4,11593,11803,806-87-1288-569,24.0,1920,1080,train
5MuIMqhT8DM,17795,17936,1010-68-1574-633,24.0,1920,1080,train
y1yK36RMyRE,1835,2067,316-31-884-598,24.0,1920,1080,train
U51MSK6nSQE,294,547,1226-107-1680-561,24.0,1920,1080,train
5zWmdHmJMd0,11878,12059,285-76-825-616,24.0,1920,1080,train
WfTZ5iIUn4s,6178,6319,744-76-1052-384,24.0,1280,720,train
O13KwsyDqeE,16325,16461,521-65-838-382,30.0,1280,720,train
27lMmdmy-b8,2064,2457,408-48-804-445,30.0,1280,720,train
yNhu0MG_2MA,17959,18288,657-80-1126-547,24.0,1920,1080,train
cK74vhqzeeQ,8308,8505,493-62-810-377,25.0,1280,720,test
zORUUqJd81M,3809,3958,678-56-986-363,24.0,1280,720,train
t0Cr64zCc38,16243,16389,1037-133-1511-607,24.0,1920,1080,train
iB4MS1hsWXU,4613,4750,891-121-1358-587,24.0,1920,1080,test
t0Cr64zCc38,8533,8769,981-126-1482-627,24.0,1920,1080,train
lyR-K2CZIHQ,4879,5317,711-37-1095-421,24.0,1280,720,train
FVUkKKc3Vvk,1811,2180,178-111-662-594,24.0,1920,1080,train
501FEzbB1JI,17586,17749,262-75-630-443,30.0,1280,720,train
9alL95G293s,25918,26055,601-233-970-602,25.0,1920,1080,train
iMFJef3xnmg,15411,15590,831-190-1238-597,30.0,1920,1080,train
9EVEmZ2c_es,18671,19115,753-25-1127-398,30.0,1280,720,train
u08T3A7slkE,695,870,1111-62-1658-609,24.0,1920,1080,train
iw7nPE2jioU,16022,16209,680-167-1122-609,24.0,1920,1080,train
pyFcr2WcOyo,646,810,1108-210-1520-621,24.0,1920,1080,train
wxStlzunxCw,8846,8987,1005-166-1356-517,25.0,1920,1080,train
0B543Zkqq88,7553,7716,624-85-1160-621,25.0,1920,1080,train
ogCIqaCe2zI,5243,5379,1015-122-1507-614,24.0,1920,1080,test
oGlsUYGMYks,1542,1847,376-78-724-427,24.0,1280,720,train
FauPVZxDXxk,1387,1523,454-49-791-387,24.0,1280,720,train
kvdHqS3ryw0,14488,14788,1238-182-1651-594,24.0,1920,1080,train
CsECS5qsGLs,13979,14117,805-90-1132-417,25.0,1280,720,train
F2XPF6rQ6fs,9428,9592,905-78-1394-568,24.0,1920,1080,train
A2DzsgJSwcc,9831,10018,1145-62-1649-566,24.0,1920,1080,test
360bU-vBJOI,15956,16115,766-138-1264-635,24.0,1920,1080,test
XAcARiiK5uY,9289,9644,452-43-839-430,30.0,1280,720,train
-eBUcBfkVCo,41225,41363,429-149-739-460,30.0,1280,720,train
WfTZ5iIUn4s,3925,4057,581-49-913-381,24.0,1280,720,train
1fZ915L1w7I,16432,16587,921-105-1375-558,30.0,1920,1080,train
jr5mTwfFh00,12699,12847,753-160-1139-544,24.0,1920,1080,test
fWqKalpYgLo,910,1077,308-143-761-597,25.0,1920,1080,train
EEjyPqyFe_s,13713,13912,643-69-976-403,24.0,1280,720,train
87qLWFZManA,14062,14254,1061-97-1584-620,24.0,1920,1080,train
O13KwsyDqeE,16171,16305,509-65-855-412,30.0,1280,720,train
9RTkZaX1cH0,8900,9063,405-84-744-425,30.0,1280,720,train
pyFcr2WcOyo,4797,5052,1127-246-1491-610,24.0,1920,1080,train
85hbMtegrLc,10034,10202,1226-155-1655-585,24.0,1920,1080,train
BzeTjn0R2VY,23639,23997,241-21-853-633,24.0,1920,1080,train
7Lc_dlVrg5M,8739,8888,666-165-994-492,24.0,1280,720,train
yMWlkJAqKYU,3981,4196,310-96-643-428,24.0,1280,720,test
3VTsIju1dLI,14775,14964,1004-66-1565-627,24.0,1920,1080,train
FFG2rilqT2g,2775,3009,253-100-580-426,30.0,1280,720,train
08z_xW-szwM,927,1086,680-243-1076-639,30.0,1920,1080,train
xnfEBUI_YTE,9416,9588,788-132-1266-610,24.0,1920,1080,train
MO0L_LY2hRA,5613,5767,362-36-687-360,24.0,1280,720,test
UUfUAJD3qrU,40504,40818,298-31-643-375,30.0,854,480,train
yLfCCcVDUiU,13269,13521,961-337-1324-699,24.0,1920,1080,train
zamvnyBB-SU,11902,12117,1067-59-1583-574,24.0,1920,1080,train
08z_xW-szwM,17347,17580,681-262-1066-648,30.0,1920,1080,train
kvdHqS3ryw0,3070,3382,1100-107-1587-594,24.0,1920,1080,train
08z_xW-szwM,11522,11862,652-258-1040-648,30.0,1920,1080,train
GIrfNWed1Mk,8267,8503,1187-171-1676-660,24.0,1920,1080,test
_GMVTJ9ZKVc,27683,27821,586-46-951-410,30.0,1280,720,train
JTN9Nx8VYtk,10295,10606,500-41-874-415,30.0,1280,720,train
DTIjvPLkJgo,2688,2836,1161-225-1564-628,24.0,1920,1080,train
d0LQCXCiW8g,10398,10703,215-127-539-451,30.0,1280,720,train
_waBFUg_oT8,4048,4312,393-54-720-380,24.0,1280,720,train
PrK0CifulU0,11426,11573,807-75-1128-397,24.0,1280,720,train
5zWmdHmJMd0,2117,2263,291-73-813-595,24.0,1920,1080,train
87qLWFZManA,896,1040,946-61-1499-614,24.0,1920,1080,train
ieSV8-isy3M,17666,17799,973-47-1501-575,24.0,1920,1080,train
C0dmOPDLKhY,9486,9757,669-55-1235-621,30.0,1920,1080,test
rYwTA5RA9eU,9487,9908,597-106-932-441,25.0,1280,720,train
VJoQj00RZHg,5272,5797,476-93-806-423,25.0,1280,720,train
ClfBxWPkBKU,22832,23375,219-38-574-393,30.0,1280,720,train
dkmpRQdJslI,2364,3025,355-9-764-419,24.0,1280,720,train
FDhlOovaGrI,10151,10337,321-61-657-396,24.0,1280,720,test
ER0G2S9r7aE,8693,8854,687-131-1127-571,25.0,1920,1080,train
i2l9v_seHCc,6067,6252,1184-171-1615-603,24.0,1920,1080,train
4E_1AB1rsSw,3093,3391,1135-122-1579-566,24.0,1920,1080,test
uTL9tm7S1Io,1318,1487,787-55-1103-372,24.0,1280,720,train
aTfwA1TaH3Q,10853,11144,728-50-1060-383,24.0,1280,720,train
zfbigT9I0Qg,5803,6023,1218-167-1660-609,24.0,1920,1080,train
oEIYHTlbeLA,5557,5874,512-87-836-411,24.0,1280,720,train
iwUkbi4_wWo,8228,8385,1214-158-1632-576,25.0,1920,1080,train
oEIYHTlbeLA,9044,9272,464-89-790-415,24.0,1280,720,train
V1yW5IsnSjo,10827,11207,599-129-942-472,30.0,1280,720,train
501FEzbB1JI,4349,4565,266-77-629-441,30.0,1280,720,train
UMhLBPPtlrY,20936,21145,714-77-1035-397,30.0,1280,720,test
9alL95G293s,4722,4913,820-105-1369-654,25.0,1920,1080,train
iMFJef3xnmg,28457,28614,888-184-1312-608,30.0,1920,1080,train
iMFJef3xnmg,2506,3479,692-153-1190-651,30.0,1920,1080,train
9KvZy09vaNg,6030,6176,853-85-1310-542,24.0,1920,1080,train
kaU7IPlg9PA,16544,16800,1055-92-1518-556,25.0,1920,1080,train
H3ddtbeduoo,5290,5422,316-63-672-419,24.0,1280,720,train
xDKth-qS8Jk,6213,6353,1122-101-1611-590,25.0,1920,1080,train
HXbsVbFAczg,21301,21435,708-87-1009-388,24.0,1280,720,train
a63t8r70QN0,392,568,966-239-1370-643,30.0,1920,1080,train
iWHq2m_Hwhw,22482,22737,211-119-550-458,30.0,1280,720,train
cK74vhqzeeQ,9460,9807,501-62-816-378,25.0,1280,720,test
rtcrqLWZr_0,7128,7347,723-90-1209-577,24.0,1920,1080,train
xv4_L5zlYaA,10593,10795,630-172-1066-608,24.0,1920,1080,train
TLZ6W-Nqv1I,5900,6080,971-100-1425-554,25.0,1920,1080,train
LcNvkhS4UYg,16989,17205,797-166-1162-532,30.0,1920,1080,test
i2l9v_seHCc,12657,12921,1190-181-1609-601,24.0,1920,1080,train
9RTkZaX1cH0,15261,15406,304-71-668-435,30.0,1280,720,train
y1yK36RMyRE,1231,1445,374-58-871-555,24.0,1920,1080,train
kmbui1xF8DE,16549,16842,636-116-1192-672,25.0,1920,1080,train
GIrfNWed1Mk,4228,4452,1162-172-1645-656,24.0,1920,1080,test
2paoNvG5Nmo,13920,14056,850-216-1313-680,50.0,1920,1080,train
cmpu58yv8-g,500,709,712-76-1062-425,24.0,1280,720,train
ni4FV5zL6lM,6605,6736,316-48-706-438,24.0,1280,720,train
eemOZfsrKdg,5733,5891,442-137-845-542,25.0,1920,1080,train
5ErKrSyUpEo,11210,11569,288-53-843-606,24.0,1920,1080,train
PrK0CifulU0,8335,8480,753-76-1071-395,24.0,1280,720,train
kmbui1xF8DE,7707,7843,1180-199-1556-573,25.0,1920,1080,train
i2l9v_seHCc,2959,3112,1198-160-1603-566,24.0,1920,1080,train
4CGFPbFqdJ4,14496,14792,747-88-1252-593,24.0,1920,1080,train
oGlsUYGMYks,2716,2851,395-80-731-417,24.0,1280,720,train
08z_xW-szwM,3969,4398,661-251-1055-645,30.0,1920,1080,train
B43f89Y9f-A,2416,2548,781-257-1180-657,30.0,1920,1080,train
lAzQWtkPzbI,18377,18653,447-17-802-372,25.0,1280,720,train
sNQfoYm3WI0,4932,5164,1271-142-1724-595,25.0,1920,1080,train
XAcARiiK5uY,14958,15562,479-26-887-433,30.0,1280,720,train
BHY0FxzoKZE,7142,7320,323-59-849-585,24.0,1920,1080,train
9EVEmZ2c_es,12484,12858,730-48-1098-416,30.0,1280,720,train
SF9qq6vQ3Pg,9372,9571,725-143-1199-617,24.0,1920,1080,train
PJLT0cAPNfs,13758,14084,1061-165-1517-621,24.0,1920,1080,train
2Euof4PnjDk,9678,9838,769-108-1110-450,24.0,1280,720,train
GwRzjFQa_Og,917,1051,694-86-1210-603,29.97,1920,1080,train
ogCIqaCe2zI,3662,3808,999-110-1507-618,24.0,1920,1080,test
kaU7IPlg9PA,4604,4740,1138-120-1546-529,25.0,1920,1080,train
pvBlSFVmoaw,1577,1748,250-77-582-409,24.0,1280,720,train
8DDgHq9ewOo,18079,18308,956-49-1491-584,24.0,1920,1080,train
HzAtOyw6ACw,14634,14798,850-111-1389-651,24.0,1920,1080,train
cK74vhqzeeQ,6322,6591,545-56-861-372,25.0,1280,720,test
KCr8s57hdzY,405,554,639-87-1150-598,24.0,1920,1080,train
aupPrDnhrKA,5225,5367,543-127-993-577,24.0,1920,1080,train
kBBmVezBUkg,20514,20738,606-84-1080-558,30.0,1920,1080,train
5aH2Ppjpcho,2059,2228,491-128-817-454,25.0,1280,720,test
Juc_yvEkJuc,10766,10999,1118-96-1606-584,25.0,1920,1080,train
fO2htapfNhA,6421,6742,676-43-1210-576,24.0,1920,1080,train
o_U-_akINwQ,1686,1870,459-337-794-672,25.0,1920,1080,test
yhMi0tkYyT8,18774,19010,511-52-864-404,30.0,1280,720,train
KyVSuI6JyOs,5673,5871,726-68-1250-591,24.0,1920,1080,train
SF9qq6vQ3Pg,13355,13490,785-158-1227-599,24.0,1920,1080,train
DzNN_4rcIjs,18707,18889,556-63-870-377,25.0,1280,720,train
fO2htapfNhA,1457,1756,661-59-1148-548,24.0,1920,1080,train
7a5NyUITbyk,12445,12708,936-83-1461-607,24.0,1920,1080,train
_GMVTJ9ZKVc,20813,20967,280-37-658-415,30.0,1280,720,train
j7fRIGphgtk,1015,1189,676-47-1003-373,24.0,1280,720,train
xHHb7R3kx40,21206,21397,757-212-1143-599,24.0,1920,1080,train
iFTWM7HV2UI,7478,7748,717-113-1191-589,24.0,1920,1080,train
2paoNvG5Nmo,49343,49566,852-240-1259-647,50.0,1920,1080,train
27lMmdmy-b8,21212,21393,443-59-788-404,30.0,1280,720,train
2VBkDNzeRZM,3897,4025,411-95-912-597,24.0,1920,1080,train
DsrxbqFo41k,2305,2660,445-34-823-411,24.0,1280,720,test
hokUdXYRe2Q,4140,4391,768-165-1192-588,30.0,1920,1080,train
UoMpbL_Fsig,3194,3328,423-57-751-385,24.0,1280,720,train
2wseM6wWd74,8329,8923,609-41-919-350,24.0,1280,720,train
vQILP19qABk,4223,4468,653-81-1021-450,30.0,1280,720,train
-7ORAKULel4,14254,14392,855-128-1318-592,25.0,1920,1080,train
I6xuJu7gLe0,8542,8850,288-132-761-606,24.0,1920,1080,train
kdqUhTnAgJU,19602,19930,676-62-993-380,30.0,1280,720,train
YUUP2MMz7PU,10820,10971,726-182-1138-595,24.0,1920,1080,train
Depn_GsxSqo,14520,14730,722-73-1243-593,24.0,1920,1080,test
21hgbMa_sVc,6761,6899,279-121-756-598,25.0,1920,1080,train
VJoQj00RZHg,1878,2012,505-98-818-411,25.0,1280,720,train
1k89OTpDvIU,379,508,740-63-1084-408,30.0,1280,720,train
UMhLBPPtlrY,7039,7334,693-85-1020-412,30.0,1280,720,test
aI8KiPiVLyY,7024,7793,508-105-812-409,24.0,1280,720,train
r-YXvkWLy-g,8994,9200,268-115-744-591,24.0,1920,1080,train
FqrLUtIFVjs,20245,20384,437-60-762-385,24.0,1280,720,train
y8ohTeRKVqs,10711,10938,391-80-928-616,24.0,1920,1080,train
1g-1_Y3fvUg,5582,5752,802-102-1281-580,24.0,1920,1080,train
xnfEBUI_YTE,7306,7441,583-132-1047-596,24.0,1920,1080,train
y7l5QHRY_AI,5121,5256,422-54-773-406,24.0,1280,720,train
ERSZb2wHFDw,2042,2331,798-185-1221-608,30.0,1920,1080,train
SF9qq6vQ3Pg,1887,2050,761-155-1207-601,24.0,1920,1080,train
I3BJVaioX_k,6305,6550,577-91-1105-619,25.0,1920,1080,train
iMFJef3xnmg,11312,11639,752-183-1176-607,30.0,1920,1080,train
360bU-vBJOI,11780,11947,838-179-1260-601,24.0,1920,1080,test
xHHb7R3kx40,16563,16747,793-80-1288-574,24.0,1920,1080,train
pyFcr2WcOyo,15311,15623,1117-252-1488-622,24.0,1920,1080,train
7a5NyUITbyk,10089,10284,979-101-1460-582,24.0,1920,1080,train
1fZ915L1w7I,11224,11372,831-214-1177-561,30.0,1920,1080,train
B43f89Y9f-A,6475,6766,595-233-1076-713,30.0,1920,1080,train
8UNCvk9YXOo,12271,12525,722-51-1242-572,24.0,1920,1080,train
lmyZMtPVodo,16106,16268,719-45-1047-373,24.0,1280,720,train
IyrcWMvu9ek,1087,1398,703-207-1113-617,30.0,1920,1080,test
v9EKV2nSU8w,3498,3692,983-92-1492-602,24.0,1920,1080,train
zamvnyBB-SU,10161,10442,1100-32-1665-596,24.0,1920,1080,train
UxLRv0FEndM,14337,14650,176-36-501-359,24.0,1280,720,train
8UNCvk9YXOo,13811,14011,650-50-1176-577,24.0,1920,1080,train
Uq3MCf_6HtI,5056,5193,1137-167-1662-691,24.0,1920,1080,train
0gks6ceq4eQ,4737,4870,1128-66-1659-597,24.0,1920,1080,test
oGlsUYGMYks,13337,13619,365-63-727-424,24.0,1280,720,train
ONs9FCY74p0,14774,14915,1146-157-1586-596,24.0,1920,1080,train
JKS7HWy2TRU,9526,9656,1021-162-1498-639,24.0,1920,1080,train
eemOZfsrKdg,7584,7919,462-142-864-544,25.0,1920,1080,train
AI7M-JTC6_w,4437,4643,1038-111-1531-604,24.0,1920,1080,train
a63t8r70QN0,19338,19510,199-259-549-609,30.0,1920,1080,train
-eBUcBfkVCo,37616,37807,431-168-753-491,30.0,1280,720,train
iMFJef3xnmg,12668,13553,783-153-1264-635,30.0,1920,1080,train
TLZ6W-Nqv1I,13173,13386,1032-75-1568-611,25.0,1920,1080,train
Ubbmje44gLg,12261,12772,921-161-1296-536,25.0,1920,1080,train
jAw8t2g-eVU,1308,1607,488-76-990-577,30.0,1920,1080,train
51k3UASQE5E,5090,5220,525-211-930-615,24.0,1920,1080,train
zMWYQRKuc5M,12618,12983,601-37-941-378,24.0,1280,720,train
iFTWM7HV2UI,29357,29510,696-113-1192-608,24.0,1920,1080,train
fO2htapfNhA,5827,6198,739-56-1241-558,24.0,1920,1080,train
08z_xW-szwM,10578,10874,678-271-1043-635,30.0,1920,1080,train
Juc_yvEkJuc,3265,3570,1156-132-1604-580,25.0,1920,1080,train
501FEzbB1JI,7199,7339,123-83-472-433,30.0,1280,720,train
xgW-0egOWVg,13239,13400,957-92-1434-569,24.0,1920,1080,train
bVV2Zk88beY,7966,8114,700-63-1025-388,30.0,1280,720,train
wzjVT07bcYA,13030,13181,1115-157-1608-650,24.0,1920,1080,train
P2AUat93a8Q,18396,18638,662-65-972-375,24.0,1280,720,train
CiLn-GrcuEs,14748,14903,1212-370-1593-750,30.0,1920,1080,train
esD6aaIjhek,3219,3545,529-55-858-384,30.0,1280,720,train
V1yW5IsnSjo,11245,11471,611-132-941-462,30.0,1280,720,train
_GMVTJ9ZKVc,462,666,535-46-890-402,30.0,1280,720,train
SF9qq6vQ3Pg,4021,4168,689-132-1190-633,24.0,1920,1080,train
KzIp4IzDPG0,9843,10044,688-118-1224-654,25.0,1920,1080,train
zamvnyBB-SU,5203,5390,1059-60-1561-562,24.0,1920,1080,train
vC1uxXvPG0Q,11520,11705,339-75-651-387,24.0,1280,720,train
77HUdJ7Tij0,3810,3979,1230-121-1689-581,25.0,1920,1080,train
QijH4UAqGD8,5293,5537,325-29-922-625,24.0,1920,1080,train
idfv7Lw4Y_s,11935,12118,930-98-1444-612,25.0,1920,1080,train
ONs9FCY74p0,11685,11818,1153-151-1591-588,24.0,1920,1080,train
r-YXvkWLy-g,6046,6181,345-116-827-599,24.0,1920,1080,train
A-OvJjAw2Jo,1037,1253,470-75-800-405,24.0,1280,720,train
pxEcvU0Vp_M,18605,18735,716-77-1235-596,30.0,1920,1080,train
Kc6hkHGHQQc,1709,1884,1062-88-1565-591,24.0,1920,1080,test
Rhcrbcg8HBw,9416,9616,1214-131-1626-543,24.0,1920,1080,train
hU-aTB-heU0,12892,13070,591-108-1093-610,30.0,1920,1080,train
jAw8t2g-eVU,9664,9949,578-88-1067-576,30.0,1920,1080,train
3aYWvujaT6M,6500,6725,543-64-899-419,30.0,1280,720,train
yLfCCcVDUiU,2784,3077,550-339-913-701,24.0,1920,1080,train
UoMpbL_Fsig,12024,12185,430-51-771-392,24.0,1280,720,train
51k3UASQE5E,13964,14106,508-199-962-652,24.0,1920,1080,train
aQsOmGflf1o,10131,10319,378-189-794-605,25.0,1920,1080,train
0JGarsZE1rk,4129,4305,300-52-830-581,24.0,1920,1080,train
eaCrsBtiYA4,10211,10442,370-87-950-667,24.0,1920,1080,train
y8ohTeRKVqs,9891,10058,364-76-900-611,24.0,1920,1080,train
U51MSK6nSQE,12147,12311,1225-59-1779-613,24.0,1920,1080,train
9RTkZaX1cH0,18692,18836,301-83-628-410,30.0,1280,720,train
wmMrZyVANUo,18707,18920,367-49-892-574,24.0,1920,1080,train
7uRPPaYuu44,6495,6641,148-81-640-572,24.0,1920,1080,train
t0Cr64zCc38,9488,9667,1124-118-1599-594,24.0,1920,1080,train
_QdPW8JrYzQ,1038,1185,399-38-775-413,25.0,1280,720,train
yMWlkJAqKYU,1400,1588,315-108-618-411,24.0,1280,720,test
ERSZb2wHFDw,2732,2879,780-174-1217-610,30.0,1920,1080,train
kmbui1xF8DE,9104,9337,1088-202-1511-625,25.0,1920,1080,train
7G4WI4oTC5A,16990,17136,638-105-1176-643,30.0,1920,1080,train
yNhu0MG_2MA,15508,15678,701-77-1155-530,24.0,1920,1080,train
51k3UASQE5E,6923,7105,481-201-908-629,24.0,1920,1080,train
o_U-_akINwQ,4468,4671,431-298-841-708,25.0,1920,1080,test
77HUdJ7Tij0,18717,18954,987-131-1426-570,25.0,1920,1080,train
l--QYXCecew,14583,14718,639-180-1081-621,25.0,1920,1080,train
8rZzHkpyPkc,6670,6815,650-66-994-410,25.0,1280,720,train
ERSZb2wHFDw,12868,13105,783-173-1224-614,30.0,1920,1080,train
uuatZO76MgQ,4778,4975,721-100-1186-565,30.0,1920,1080,train
2ix8JEqCJ1s,16359,16528,870-99-1431-658,24.0,1920,1080,train
2VBkDNzeRZM,7389,7532,313-62-893-641,24.0,1920,1080,train
YUUP2MMz7PU,15781,15939,776-183-1188-595,24.0,1920,1080,train
360bU-vBJOI,18018,18280,746-173-1174-601,24.0,1920,1080,test
3zJHwOwirjA,13513,13693,394-127-845-577,24.0,1920,1080,train
kaU7IPlg9PA,583,748,1147-131-1585-569,25.0,1920,1080,train
kmbui1xF8DE,5460,5660,683-133-1205-655,25.0,1920,1080,train
G88JZ1DIdg8,12398,12547,1100-101-1577-579,24.0,1920,1080,train
QeIrdqU0o9s,8359,8523,416-88-725-397,24.0,1280,720,train
yNhu0MG_2MA,21474,21753,652-84-1114-547,24.0,1920,1080,train
-7ORAKULel4,21686,21824,867-233-1280-648,25.0,1920,1080,train
rtcrqLWZr_0,4780,4953,688-74-1208-593,24.0,1920,1080,train
FDhlOovaGrI,12016,12191,375-59-719-403,24.0,1280,720,test
08z_xW-szwM,10369,10560,677-270-1048-641,30.0,1920,1080,train
jAw8t2g-eVU,19774,19983,632-129-1098-596,30.0,1920,1080,train
3zJHwOwirjA,15403,15918,255-140-752-639,24.0,1920,1080,train
kyaiTGmwxnU,3267,3658,448-51-850-452,24.0,1280,720,train
ER15KmrB8h8,1744,1924,743-56-1293-605,24.0,1920,1080,train
jM9Q3xP2iBo,17155,17284,464-78-831-444,25.0,1280,720,train
QijH4UAqGD8,6989,7168,307-41-887-622,24.0,1920,1080,train
4CGFPbFqdJ4,9268,9400,722-88-1191-558,24.0,1920,1080,train
i2l9v_seHCc,1452,1604,1232-149-1657-574,24.0,1920,1080,train
Juc_yvEkJuc,6474,6697,1111-97-1598-584,25.0,1920,1080,train
77HUdJ7Tij0,10456,10670,1247-114-1715-584,25.0,1920,1080,train
I3BJVaioX_k,10461,10664,627-89-1154-616,25.0,1920,1080,train
i2l9v_seHCc,4879,5228,1187-172-1612-598,24.0,1920,1080,train
aI8KiPiVLyY,4850,5431,459-80-822-443,24.0,1280,720,train
QijH4UAqGD8,4110,4372,302-65-838-601,24.0,1920,1080,train
kdAs3UVgIGg,2788,3025,1319-148-1751-581,25.0,1920,1080,train
CXy1byguvJY,13009,13279,877-68-1470-663,24.0,1920,1080,train
2K-P7Hv_Zwg,6605,6738,522-60-849-388,25.0,1280,720,train
0txtVkBUdSQ,3002,3213,448-97-764-414,24.0,1280,720,train
0gks6ceq4eQ,13288,13470,1029-71-1555-596,24.0,1920,1080,test
VJoQj00RZHg,8342,8614,422-86-741-405,25.0,1280,720,train
XAcARiiK5uY,11229,11481,464-48-837-421,30.0,1280,720,train
vC1uxXvPG0Q,10730,10873,348-76-651-379,24.0,1280,720,train
4n8qT0vQbWk,22484,22851,765-35-1131-400,30.0,1280,720,train
9RTkZaX1cH0,14094,14239,338-78-696-437,30.0,1280,720,train
3zJHwOwirjA,17383,17537,450-153-897-600,24.0,1920,1080,train
cUee1I69nFs,3334,3589,651-68-1228-644,25.0,1920,1080,train
tuvxXnQrRv8,1194,1332,1229-90-1794-656,25.0,1920,1080,train
i_wtaoHCw3k,16581,16720,288-125-755-592,25.0,1920,1080,train
kmbui1xF8DE,12681,12899,693-133-1214-653,25.0,1920,1080,train
8Dv2Hdf5TRg,5867,6000,681-74-1003-397,24.0,1280,720,test
kyaiTGmwxnU,4489,4858,470-74-800-403,24.0,1280,720,train
TdQ1eaZH-J8,20204,20372,269-84-626-442,30.0,1280,720,train
6pSMgmL7vF0,4495,4645,1153-43-1714-604,24.0,1920,1080,train
CTn0HYmMAYM,9198,9400,1055-207-1514-666,25.0,1920,1080,train
1g-1_Y3fvUg,4391,4527,950-89-1439-578,24.0,1920,1080,train
OEydHbngSz0,6238,6368,1094-101-1535-543,24.0,1920,1080,train
Cetg4gu0oQQ,9125,9306,591-59-1129-596,24.0,1920,1080,train
5zWmdHmJMd0,16525,16674,350-77-875-600,24.0,1920,1080,train
oEIYHTlbeLA,307,437,493-119-834-461,24.0,1280,720,train
bVV2Zk88beY,6417,6547,712-51-1044-383,30.0,1280,720,train
4tQee2_JgUo,473,607,403-154-812-563,25.0,1920,1080,train
zMWYQRKuc5M,11627,11919,620-41-953-374,24.0,1280,720,train
ni4FV5zL6lM,6740,6890,260-46-637-423,24.0,1280,720,train
KzIp4IzDPG0,9615,9834,650-104-1186-640,25.0,1920,1080,train
ClfBxWPkBKU,17815,18215,182-46-547-411,30.0,1280,720,train
DGvPfD1Dd1U,22944,23232,1150-107-1627-584,25.0,1920,1080,train
0B543Zkqq88,9602,9830,642-134-1116-608,25.0,1920,1080,train
XAcARiiK5uY,16833,17036,473-49-837-413,30.0,1280,720,train
pxEcvU0Vp_M,19076,19204,838-92-1346-599,30.0,1920,1080,train
cfzkBGgxXGE,25311,25497,198-247-586-635,30.0,1920,1080,test
iMFJef3xnmg,5282,5594,710-133-1220-644,30.0,1920,1080,train
40riCqvRoMs,14481,14662,447-71-765-389,24.0,1280,720,train
TSomH3iGgYY,5756,5885,1169-182-1608-621,24.0,1920,1080,train
0JGarsZE1rk,14546,14715,331-63-850-582,24.0,1920,1080,train
08z_xW-szwM,2054,2416,663-243-1071-651,30.0,1920,1080,train
51k3UASQE5E,14552,14689,510-179-938-607,24.0,1920,1080,train
2ju61VPdTzw,18567,18834,487-80-801-393,30.0,1280,720,train
7G4WI4oTC5A,16329,16522,717-101-1231-615,30.0,1920,1080,train
8DDgHq9ewOo,18753,19015,1057-67-1552-561,24.0,1920,1080,train
I3BJVaioX_k,22153,22288,596-94-1103-601,25.0,1920,1080,train
9RTkZaX1cH0,4429,4570,233-80-575-422,30.0,1280,720,train
cK74vhqzeeQ,4026,4382,474-57-788-371,25.0,1280,720,test
2paoNvG5Nmo,6802,6951,809-238-1215-644,50.0,1920,1080,train
1k89OTpDvIU,3607,3797,730-55-1086-411,30.0,1280,720,train
_7t6Ry4PlTo,637,873,1168-93-1683-609,25.0,1920,1080,train
eemOZfsrKdg,4397,4595,389-127-829-566,25.0,1920,1080,train
9RTkZaX1cH0,19531,19715,311-77-650-416,30.0,1280,720,train
kmbui1xF8DE,306,614,703-107-1244-649,25.0,1920,1080,train
oXeAWdHP0uY,8423,8742,669-86-1221-639,25.0,1920,1080,train
fO2htapfNhA,14414,14737,608-33-1152-576,24.0,1920,1080,train
ON4iy8hq2hM,886,1092,951-128-1446-622,24.0,1920,1080,train
w8mToWb9NC8,22257,22434,798-161-1138-500,30.0,1920,1080,train
UMhLBPPtlrY,14037,14172,278-72-594-388,30.0,1280,720,test
ClfBxWPkBKU,24359,24670,202-26-570-395,30.0,1280,720,train
tuvxXnQrRv8,6925,7053,1195-108-1708-621,25.0,1920,1080,train
HI7zfpitZpo,13405,13642,194-43-558-407,24.0,1280,720,train
pyFcr2WcOyo,14248,14729,1119-251-1492-623,24.0,1920,1080,train
Q6U69HbAF9Y,5821,6027,735-66-1074-406,24.0,1280,720,train
7Q59suYxIec,12729,12861,345-107-754-515,24.0,1920,1080,train
0B543Zkqq88,6366,6582,694-107-1192-604,25.0,1920,1080,train
2ix8JEqCJ1s,11591,11740,1075-65-1649-640,24.0,1920,1080,train
oEIYHTlbeLA,5148,5283,546-105-867-426,24.0,1280,720,train
4sZdcB6bjI8,11869,12053,491-52-824-384,30.0,1280,720,train
XAcARiiK5uY,16338,16468,475-53-825-403,30.0,1280,720,train
-nKdufEaL8k,3574,3710,303-118-688-503,25.0,1920,1080,train
uuatZO76MgQ,6718,6850,708-97-1174-563,30.0,1920,1080,train
bnvnBwP9sTo,2408,2584,585-87-929-431,24.0,1280,720,train
A_u2WFTfbcg,2185,2515,794-72-1328-606,24.0,1920,1080,train
3VTsIju1dLI,13066,13223,984-49-1570-635,24.0,1920,1080,train
iMFJef3xnmg,4596,4941,732-181-1175-625,30.0,1920,1080,train
4n8qT0vQbWk,5675,5828,591-78-899-386,30.0,1280,720,train
ER0G2S9r7aE,2620,2750,431-126-874-568,25.0,1920,1080,train
1AT5klu_yAQ,7129,7342,154-25-704-575,24.0,1920,1080,train
Kc6hkHGHQQc,2961,3098,1031-62-1582-612,24.0,1920,1080,test
1AT5klu_yAQ,8870,9033,181-68-644-530,24.0,1920,1080,train
JI-HzvXk5bk,1254,1438,718-52-1048-382,24.0,1280,720,train
0JGarsZE1rk,16617,16807,346-62-873-589,24.0,1920,1080,train
yNhu0MG_2MA,20159,20553,616-80-1087-551,24.0,1920,1080,train
jAw8t2g-eVU,15334,15576,503-100-1001-598,30.0,1920,1080,train
RjquHTj4HlY,3640,3820,1041-179-1489-627,24.0,1920,1080,train
LHmz_s981-g,1778,2000,348-39-942-633,24.0,1920,1080,train
jr5mTwfFh00,14054,14208,671-174-1030-532,24.0,1920,1080,test
pb--rJGgVIo,12541,12733,586-67-930-411,24.0,1280,720,train
I3BJVaioX_k,7190,7488,619-88-1142-611,25.0,1920,1080,train
xDKth-qS8Jk,17653,17802,1053-93-1525-564,25.0,1920,1080,train
SF9qq6vQ3Pg,10573,10706,779-150-1227-598,24.0,1920,1080,train
ni4FV5zL6lM,3380,3677,234-41-632-438,24.0,1280,720,train
TLZ6W-Nqv1I,4056,4187,990-83-1449-542,25.0,1920,1080,train
V1yW5IsnSjo,12359,12787,592-133-937-478,30.0,1280,720,train
0JGarsZE1rk,18755,19132,358-63-892-595,24.0,1920,1080,train
87qLWFZManA,17167,17298,922-136-1401-616,24.0,1920,1080,train
iMFJef3xnmg,18854,19091,828-186-1266-623,30.0,1920,1080,train
1fZ915L1w7I,17994,18208,887-222-1214-548,30.0,1920,1080,train
TLZ6W-Nqv1I,17655,17789,1038-141-1486-589,25.0,1920,1080,train
4CGFPbFqdJ4,10495,10664,771-88-1241-558,24.0,1920,1080,train
ER15KmrB8h8,5573,5740,683-85-1181-582,24.0,1920,1080,train
wmMrZyVANUo,10566,10727,358-48-888-578,24.0,1920,1080,train
360bU-vBJOI,10322,10527,769-175-1194-601,24.0,1920,1080,test
TLZ6W-Nqv1I,8126,8266,993-112-1454-573,25.0,1920,1080,train
8DDgHq9ewOo,22472,22751,1072-66-1562-556,24.0,1920,1080,train
9RTkZaX1cH0,18091,18256,342-84-675-418,30.0,1280,720,train
AI7M-JTC6_w,5097,5341,970-73-1539-642,24.0,1920,1080,train
08z_xW-szwM,8070,8330,658-243-1071-655,30.0,1920,1080,train
kmbui1xF8DE,14197,14491,687-120-1222-655,25.0,1920,1080,train
eemOZfsrKdg,12474,12745,668-95-1090-517,25.0,1920,1080,train
A2DzsgJSwcc,11748,11936,1079-72-1582-575,24.0,1920,1080,test
ERSZb2wHFDw,4499,4655,754-176-1215-636,30.0,1920,1080,train
360bU-vBJOI,2706,2962,708-176-1135-603,24.0,1920,1080,test
08z_xW-szwM,524,688,703-243-1103-644,30.0,1920,1080,train
aI8KiPiVLyY,11317,12130,462-75-821-434,24.0,1280,720,train
wKlMcLTqRLs,3326,3484,605-18-971-384,24.0,1280,720,train
B43f89Y9f-A,21903,22097,829-265-1215-651,30.0,1920,1080,train
cUee1I69nFs,1152,1366,708-107-1250-648,25.0,1920,1080,train
360bU-vBJOI,16433,16664,730-126-1245-642,24.0,1920,1080,test
Cetg4gu0oQQ,5753,5980,490-43-1030-583,24.0,1920,1080,train
tFfYh9THuGo,4539,4810,243-136-686-579,24.0,1920,1080,train
GIrfNWed1Mk,13696,13888,1219-181-1680-642,24.0,1920,1080,test
51k3UASQE5E,8759,8912,498-178-942-622,24.0,1920,1080,train
0DHywidLX6A,3962,4156,1077-127-1557-606,24.0,1920,1080,train
0txtVkBUdSQ,10584,10747,675-90-1074-488,24.0,1280,720,train
uuatZO76MgQ,9072,9237,1046-96-1524-574,30.0,1920,1080,train
iFTWM7HV2UI,30873,31674,706-59-1286-641,24.0,1920,1080,train
RKK7wGAYP6k,2156,2329,328-90-828-589,24.0,1920,1080,train
aQsOmGflf1o,11960,12103,344-216-713-585,25.0,1920,1080,train
ER0G2S9r7aE,1600,1848,347-81-883-618,25.0,1920,1080,train
kaU7IPlg9PA,5541,5876,1208-110-1648-550,25.0,1920,1080,train
OWiiA9hXbY8,2130,2377,221-73-663-516,24.0,1920,1080,train
GIBoCJeB3HQ,18129,18354,201-217-617-633,24.0,1920,1080,train
2paoNvG5Nmo,18330,18486,908-201-1373-665,50.0,1920,1080,train
eaCrsBtiYA4,18793,18951,332-70-872-610,24.0,1920,1080,train
fFJeTy1_8Ng,4461,4673,1200-123-1637-560,25.0,1920,1080,train
GIrfNWed1Mk,7291,7546,1196-175-1665-645,24.0,1920,1080,test
iqKYtA3pK1c,16888,17035,1075-143-1578-645,24.0,1920,1080,train
LHmz_s981-g,2935,3322,361-70-908-617,24.0,1920,1080,train
Juc_yvEkJuc,19559,19787,1055-64-1572-580,25.0,1920,1080,train
PrK0CifulU0,9975,10182,786-76-1098-390,24.0,1280,720,train
L7X17aash2s,19780,19951,948-190-1405-648,30.0,1920,1080,train
b4qVI780Jgw,2593,2759,1182-98-1662-579,24.0,1920,1080,train
SF9qq6vQ3Pg,3533,3748,719-115-1218-613,24.0,1920,1080,train
iMFJef3xnmg,25236,25373,919-187-1353-621,30.0,1920,1080,train
VM6HZqQKhok,23930,24104,563-115-1116-669,24.0,1920,1080,train
PrK0CifulU0,3012,3150,801-77-1120-396,24.0,1280,720,train
_7t6Ry4PlTo,20636,20850,1098-93-1610-604,25.0,1920,1080,train
Ubbmje44gLg,1615,1785,927-238-1299-609,25.0,1920,1080,train
kdqUhTnAgJU,17298,17427,507-47-848-388,30.0,1280,720,train
GIrfNWed1Mk,6747,6890,1141-178-1608-645,24.0,1920,1080,test
QijH4UAqGD8,3416,3605,407-77-908-578,24.0,1920,1080,train
3-UcGCnJ14c,2398,2612,1059-172-1471-583,24.0,1920,1080,train
MeKJK4uetL8,2078,2264,936-68-1464-594,25.0,1920,1080,train
F3mzS32SH2Q,14249,14517,437-245-835-643,25.0,1920,1080,train
g3vSYbT1Aco,14299,14433,598-96-1149-646,24.0,1920,1080,train
kaU7IPlg9PA,11679,12092,1180-108-1661-588,25.0,1920,1080,train
j-S03JfgHEA,7436,7603,769-83-1113-426,25.0,1280,720,train
v9EKV2nSU8w,4498,4747,958-70-1512-623,24.0,1920,1080,train
y8ohTeRKVqs,12926,13106,403-77-936-609,24.0,1920,1080,train
yLfCCcVDUiU,1031,1283,1297-312-1637-652,24.0,1920,1080,train
K926HAKRFvw,7722,7901,789-60-1098-369,25.0,1280,720,train
7a5NyUITbyk,8686,8861,984-61-1533-610,24.0,1920,1080,train
cK74vhqzeeQ,15612,15941,465-81-797-414,25.0,1280,720,test
lmyZMtPVodo,9703,9910,723-32-1144-453,24.0,1280,720,train
idfv7Lw4Y_s,4644,4834,733-124-1221-611,25.0,1920,1080,train
aQsOmGflf1o,14335,14490,345-212-741-608,25.0,1920,1080,train
PJLT0cAPNfs,5867,6038,1099-183-1530-615,24.0,1920,1080,train
ulYR5bpu68E,3266,3402,278-147-592-461,25.0,1280,720,train
25s8BCsSWuk,9105,9353,1168-118-1636-587,25.0,1920,1080,train
tFfYh9THuGo,3476,3609,417-139-858-580,24.0,1920,1080,train
BzeTjn0R2VY,10245,10420,849-60-1371-582,24.0,1920,1080,train
GIrfNWed1Mk,1508,1700,1195-174-1674-652,24.0,1920,1080,test
I3BJVaioX_k,14697,14869,625-97-1124-596,25.0,1920,1080,train
cK74vhqzeeQ,17081,17386,501-84-836-419,25.0,1280,720,test
BvpmZktlBFs,3041,3475,442-68-768-394,24.0,1280,720,train
yNhu0MG_2MA,21245,21397,627-85-1092-551,24.0,1920,1080,train
-2Dj9M71JAc,2968,3164,326-41-701-416,24.0,1280,720,train
iMFJef3xnmg,18359,18529,804-162-1271-629,30.0,1920,1080,train
JKsHhXwqDqM,29401,29533,663-58-1007-402,25.0,1280,720,test
1fZ915L1w7I,10844,10985,971-110-1390-529,30.0,1920,1080,train
HzAtOyw6ACw,1354,1562,957-130-1396-569,24.0,1920,1080,train
RZgkjEdMbSw,7727,7862,1088-111-1592-615,24.0,1920,1080,train
fO2htapfNhA,3816,3973,787-65-1276-554,24.0,1920,1080,train
yLfCCcVDUiU,17898,18095,1160-153-1511-504,24.0,1920,1080,train
iB4MS1hsWXU,14911,15238,974-101-1558-685,24.0,1920,1080,test
kvdHqS3ryw0,6983,7246,1251-172-1641-562,24.0,1920,1080,train
kmbui1xF8DE,14775,14991,637-149-1140-652,25.0,1920,1080,train
HzAtOyw6ACw,11460,11605,1216-90-1650-525,24.0,1920,1080,train
hs-YuHv0vUk,15589,15729,940-90-1450-601,24.0,1920,1080,train
1g-1_Y3fvUg,5374,5508,969-89-1475-595,24.0,1920,1080,train
27lMmdmy-b8,831,1005,445-56-793-403,30.0,1280,720,train
xDKth-qS8Jk,2066,2229,1144-147-1610-612,25.0,1920,1080,train
Qd5rAVHT6Vw,5345,5474,549-118-1024-593,24.0,1920,1080,train
0gks6ceq4eQ,23529,23757,1159-65-1676-581,24.0,1920,1080,test
XPDHY-jOQYA,1826,2074,1239-163-1680-604,25.0,1920,1080,train
KxDwieKpawg,4327,4485,709-64-1053-408,24.0,1280,720,train
U4gR_cd6xOc,9094,9315,400-78-831-508,24.0,1920,1080,train
jfqwHT3u1-8,2916,3149,456-62-789-394,25.0,1280,720,train
Dig_QFPPPtE,2199,2359,383-129-788-534,24.0,1920,1080,train
3zJHwOwirjA,10307,10436,245-145-738-638,24.0,1920,1080,train
oGlsUYGMYks,918,1193,384-79-728-423,24.0,1280,720,train
27lMmdmy-b8,8029,8366,436-45-790-399,30.0,1280,720,train
o_U-_akINwQ,16444,16586,295-286-725-717,25.0,1920,1080,test
dKq34EVggjI,4160,4301,932-86-1423-576,24.0,1920,1080,train
360bU-vBJOI,1981,2201,733-173-1161-601,24.0,1920,1080,test
uuatZO76MgQ,1058,1549,771-100-1234-563,30.0,1920,1080,train
tZYkjaKNr_o,2749,3013,685-33-1034-382,25.0,1280,720,train
BzeTjn0R2VY,11391,11533,527-15-1125-614,24.0,1920,1080,train
fO2htapfNhA,8569,8859,672-39-1202-569,24.0,1920,1080,train
BzeTjn0R2VY,1638,1777,155-63-702-611,24.0,1920,1080,train
0bRocfcPhHU,4094,4270,789-90-1101-402,24.0,1280,720,train
YUUP2MMz7PU,9621,9873,837-185-1246-594,24.0,1920,1080,train
0JGarsZE1rk,16045,16216,362-44-908-589,24.0,1920,1080,train
wxStlzunxCw,16214,16410,1021-177-1366-522,25.0,1920,1080,train
eemOZfsrKdg,1596,1764,377-141-796-560,25.0,1920,1080,train
9RTkZaX1cH0,5935,6132,227-91-559-423,30.0,1280,720,train
fO2htapfNhA,2165,2342,768-58-1278-568,24.0,1920,1080,train
4zLmWpMDY8Q,11122,11318,346-238-697-588,24.0,1920,1080,train
5zWmdHmJMd0,1383,1691,284-76-814-606,24.0,1920,1080,train
bVV2Zk88beY,6548,7177,706-52-1041-387,30.0,1280,720,train
9RTkZaX1cH0,6935,7182,283-80-628-426,30.0,1280,720,train
VJoQj00RZHg,3593,3833,524-92-859-427,25.0,1280,720,train
Qd5rAVHT6Vw,7440,7607,564-117-1049-600,24.0,1920,1080,train
_GMVTJ9ZKVc,24577,24806,418-31-808-419,30.0,1280,720,train
LnJwH_PZXnM,2810,3093,1046-117-1523-594,25.0,1920,1080,train
2Brajdazp1o,7144,7315,774-67-1157-449,30.0,1280,720,train
iMFJef3xnmg,20827,21010,873-182-1312-623,30.0,1920,1080,train
08z_xW-szwM,17122,17346,678-268-1048-637,30.0,1920,1080,train
51k3UASQE5E,3674,3924,508-198-927-617,24.0,1920,1080,train
cK74vhqzeeQ,9975,10552,505-66-819-380,25.0,1280,720,test
yLfCCcVDUiU,20490,21145,542-222-961-641,24.0,1920,1080,train
1fZ915L1w7I,15932,16082,814-197-1189-572,30.0,1920,1080,train
2VBkDNzeRZM,6219,6398,374-96-875-597,24.0,1920,1080,train
bmFhWr693is,15384,15525,560-29-915-383,30.0,1280,720,train
7Q59suYxIec,8447,8582,426-62-915-551,24.0,1920,1080,train
95ovIJ3dsNk,7201,7342,620-64-937-380,30.0,1280,720,train
TLZ6W-Nqv1I,6835,7160,985-111-1437-563,25.0,1920,1080,train
N39x_WTPix0,2492,2744,569-52-930-414,25.0,1280,720,train
hokUdXYRe2Q,3998,4140,818-190-1196-567,30.0,1920,1080,train
13zN4-MVM9g,2519,2792,684-73-1199-588,24.0,1920,1080,train
pxEcvU0Vp_M,10551,10814,775-181-1149-556,30.0,1920,1080,train
4CGFPbFqdJ4,2591,2874,798-86-1297-585,24.0,1920,1080,train
I3BJVaioX_k,11990,12280,589-75-1126-612,25.0,1920,1080,train
y7l5QHRY_AI,17430,17757,455-108-760-412,24.0,1280,720,train
4sZdcB6bjI8,11303,11868,469-53-813-397,30.0,1280,720,train
i2l9v_seHCc,16548,16750,1210-131-1686-607,24.0,1920,1080,train
jr5mTwfFh00,10253,10484,794-159-1175-540,24.0,1920,1080,test
IFpK-MqBD5E,2840,3042,773-86-1272-584,24.0,1920,1080,train
kvdHqS3ryw0,4300,4491,1056-124-1521-590,24.0,1920,1080,train
_7t6Ry4PlTo,5499,5660,1118-107-1611-601,25.0,1920,1080,train
BvpmZktlBFs,4092,4626,429-69-755-396,24.0,1280,720,train
X4LOF6ftJVU,2677,2818,657-76-995-413,25.0,1280,720,train
GSf6nij-SdA,21618,21845,585-31-972-419,24.0,1280,720,train
RKK7wGAYP6k,844,1153,300-36-873-609,24.0,1920,1080,train
YUUP2MMz7PU,428,668,749-188-1156-596,24.0,1920,1080,train
pxEcvU0Vp_M,380,597,779-194-1146-560,30.0,1920,1080,train
iMFJef3xnmg,7612,8487,751-169-1199-617,30.0,1920,1080,train
LnJwH_PZXnM,15334,15524,1248-208-1599-559,25.0,1920,1080,train
YUUP2MMz7PU,16346,16525,656-182-1066-592,24.0,1920,1080,train
8DDgHq9ewOo,19934,20070,1118-73-1522-476,24.0,1920,1080,train
tFfYh9THuGo,9218,9347,319-132-745-558,24.0,1920,1080,train
5bXiuSrZUKg,18736,18956,262-57-621-416,30.0,1280,720,train
RjquHTj4HlY,4870,5059,979-188-1407-615,24.0,1920,1080,train
Cr1usGUSuL4,6000,6275,560-106-884-430,24.0,1280,720,train
jAw8t2g-eVU,18576,18724,664-111-1150-597,30.0,1920,1080,train
27lMmdmy-b8,7200,7379,442-41-797-396,30.0,1280,720,train
fO2htapfNhA,15936,16225,597-44-1119-566,24.0,1920,1080,train
TLZ6W-Nqv1I,5566,5769,1012-81-1464-532,25.0,1920,1080,train
tFfYh9THuGo,13258,13549,288-118-756-585,24.0,1920,1080,train
r-YXvkWLy-g,4954,5188,313-112-801-601,24.0,1920,1080,train
bWA1gvA5lxU,1987,2148,1132-106-1597-572,25.0,1920,1080,train
I3BJVaioX_k,13242,13410,482-66-1010-594,25.0,1920,1080,train
bVV2Zk88beY,7739,7930,711-60-1040-390,30.0,1280,720,train
iMFJef3xnmg,21965,22115,869-192-1294-618,30.0,1920,1080,train
2VBkDNzeRZM,4945,5084,361-96-854-589,24.0,1920,1080,train
yNhu0MG_2MA,8510,8927,577-70-1044-537,24.0,1920,1080,train
0B543Zkqq88,7069,7266,627-112-1112-597,25.0,1920,1080,train
3m6dV7Xo3Vc,12399,12540,624-103-977-456,25.0,1280,720,train
cgxZ4H3gJ8c,14464,14663,434-78-777-422,24.0,1280,720,train
iMFJef3xnmg,26983,27489,887-175-1347-635,30.0,1920,1080,train
iB4MS1hsWXU,17750,17883,863-84-1483-704,24.0,1920,1080,test
8Dv2Hdf5TRg,16390,16598,766-84-1102-421,24.0,1280,720,test
pyFcr2WcOyo,11319,11738,1125-253-1490-618,24.0,1920,1080,train
PJLT0cAPNfs,6043,6190,1112-169-1557-613,24.0,1920,1080,train
7Q59suYxIec,17016,17158,412-95-838-520,24.0,1920,1080,train
501FEzbB1JI,5149,5292,362-89-693-420,30.0,1280,720,train
kSR8G8mfp84,10772,10963,364-46-694-375,24.0,1280,720,train
kmbui1xF8DE,10578,10815,642-100-1222-680,25.0,1920,1080,train
P2y3Uspr8Bg,16926,17170,406-148-725-467,25.0,1280,720,train
ClfBxWPkBKU,21932,22183,209-25-604-421,30.0,1280,720,train
oGlsUYGMYks,10837,10984,392-71-754-432,24.0,1280,720,train
WvvuLDX7iIk,9306,9548,744-70-1059-385,24.0,1280,720,train
th3nnEpITz0,29041,29184,453-18-833-398,30.0,1280,720,train
cUee1I69nFs,5041,5190,614-76-1199-660,25.0,1920,1080,train
zamvnyBB-SU,14946,15131,1031-9-1625-603,24.0,1920,1080,train
VJoQj00RZHg,7121,7525,442-84-765-408,25.0,1280,720,train
0R9zjn9BBvA,6509,6658,704-27-1290-613,24.0,1920,1080,test
jAw8t2g-eVU,18831,19041,651-110-1127-588,30.0,1920,1080,train
PVXQUItNEDQ,3674,3802,652-76-980-404,24.0,1280,720,train
i_wtaoHCw3k,12816,12973,312-88-739-516,25.0,1920,1080,train
1g-1_Y3fvUg,3170,3335,943-93-1434-583,24.0,1920,1080,train
iMFJef3xnmg,26532,26949,849-159-1334-644,30.0,1920,1080,train
xHHb7R3kx40,969,1121,814-124-1289-599,24.0,1920,1080,train
7Q59suYxIec,9206,9444,244-56-746-558,24.0,1920,1080,train
_QdPW8JrYzQ,11052,11327,581-37-960-415,25.0,1280,720,train
kvdHqS3ryw0,11661,11793,1259-173-1690-604,24.0,1920,1080,train
4zLmWpMDY8Q,10907,11037,258-237-618-597,24.0,1920,1080,train
kmbui1xF8DE,6761,7046,714-110-1282-678,25.0,1920,1080,train
pvBlSFVmoaw,12585,12769,198-5-638-445,24.0,1280,720,train
P2AUat93a8Q,25250,25395,688-45-1033-390,24.0,1280,720,train
L7X17aash2s,28681,28849,964-125-1444-604,30.0,1920,1080,train
4E_1AB1rsSw,17114,17337,1233-125-1685-578,24.0,1920,1080,test
r-YXvkWLy-g,6390,6643,383-96-907-620,24.0,1920,1080,train
5zWmdHmJMd0,2763,3015,317-52-909-643,24.0,1920,1080,train
Juc_yvEkJuc,21449,21591,1103-107-1586-589,25.0,1920,1080,train
Kc6hkHGHQQc,3747,3979,997-79-1522-603,24.0,1920,1080,test
EEjyPqyFe_s,9495,9651,637-62-976-401,24.0,1280,720,train
g3vSYbT1Aco,10129,10378,415-82-977-645,24.0,1920,1080,train
YUUP2MMz7PU,18136,18265,849-144-1311-605,24.0,1920,1080,train
PrUA8L40Dic,9881,10105,990-67-1513-590,24.0,1920,1080,train
uTL9tm7S1Io,5554,5865,787-62-1099-375,24.0,1280,720,train
RjquHTj4HlY,2751,2889,1053-187-1485-620,24.0,1920,1080,train
VJoQj00RZHg,12156,12618,403-57-803-457,25.0,1280,720,train
EYgoqiX15Rw,5582,5755,487-56-852-421,24.0,1280,720,train
FqrLUtIFVjs,13477,13779,512-53-860-401,24.0,1280,720,train
TLZ6W-Nqv1I,16103,16307,1016-122-1485-592,25.0,1920,1080,train
51k3UASQE5E,12876,13019,542-224-934-617,24.0,1920,1080,train
g9M3HIjHuq0,8648,8787,621-74-956-409,24.0,1280,720,train
U51MSK6nSQE,13856,14386,1189-99-1674-584,24.0,1920,1080,train
pyFcr2WcOyo,810,1028,1131-240-1511-620,24.0,1920,1080,train
FDhlOovaGrI,18214,18355,607-84-936-412,24.0,1280,720,test
LnJwH_PZXnM,2025,2181,686-49-1269-632,25.0,1920,1080,train
05jJodDVJRQ,10853,11164,548-95-888-435,25.0,1280,720,train
iFTWM7HV2UI,14838,15190,718-128-1195-605,24.0,1920,1080,train
iMFJef3xnmg,9517,10451,746-163-1184-601,30.0,1920,1080,train
IFpK-MqBD5E,4154,4288,679-78-1164-563,24.0,1920,1080,train
a4ZBzM3L6ws,476,612,598-88-1097-588,25.0,1920,1080,train
UxLRv0FEndM,9616,9749,214-64-521-371,24.0,1280,720,train
0JGarsZE1rk,2661,2830,283-26-841-584,24.0,1920,1080,train
Juc_yvEkJuc,13966,14183,1011-74-1574-637,25.0,1920,1080,train
501FEzbB1JI,2984,3112,315-89-646-421,30.0,1280,720,train
I6xuJu7gLe0,5026,5256,232-137-714-619,24.0,1920,1080,train
zMWYQRKuc5M,8415,8575,769-55-1108-394,24.0,1280,720,train
1fZ915L1w7I,14972,15187,911-205-1273-567,30.0,1920,1080,train
pxEcvU0Vp_M,23789,23987,792-168-1183-559,30.0,1920,1080,train
QeIrdqU0o9s,2971,3131,437-87-741-392,24.0,1280,720,train
EEjyPqyFe_s,5171,5448,654-92-966-405,24.0,1280,720,train
U4gR_cd6xOc,2252,2646,355-46-859-551,24.0,1920,1080,train
VJoQj00RZHg,1399,1866,520-94-843-418,25.0,1280,720,train
L7X17aash2s,5125,5264,952-179-1379-606,30.0,1920,1080,train
WyprXhvGVYk,2769,3024,778-63-1335-619,24.0,1920,1080,train
UxLRv0FEndM,16665,16835,248-44-555-351,24.0,1280,720,train
BzeTjn0R2VY,15154,15400,308-23-850-565,24.0,1920,1080,train
g3vSYbT1Aco,14136,14290,659-136-1122-598,24.0,1920,1080,train
ClfBxWPkBKU,17057,17291,184-40-535-390,30.0,1280,720,train
pxEcvU0Vp_M,28065,28266,846-204-1159-516,30.0,1920,1080,train
U51MSK6nSQE,11961,12092,1203-112-1656-566,24.0,1920,1080,train
-eBUcBfkVCo,24722,25085,524-151-838-466,30.0,1280,720,train
yfLp_vueUxY,10178,10340,1109-172-1538-602,30.0,1920,1080,test
yNhu0MG_2MA,13194,13536,664-79-1128-543,24.0,1920,1080,train
jzrcRcEBrmA,1632,1787,1039-110-1525-597,24.0,1920,1080,train
kefDIEb3xyQ,1259,1454,422-152-803-534,25.0,1920,1080,train
ER15KmrB8h8,5743,5901,652-50-1214-612,24.0,1920,1080,train
Y0UB6g8Rsyw,1670,1817,756-183-1165-592,30.0,1920,1080,train
lV3trdyDdHE,10959,11133,596-72-948-424,25.0,1280,720,train
xHHb7R3kx40,7264,7526,805-86-1285-566,24.0,1920,1080,train
_X0mgOOSpLU,11369,11500,549-42-889-383,25.0,1280,720,train
YUUP2MMz7PU,12077,12389,759-180-1176-599,24.0,1920,1080,train
kyaiTGmwxnU,6134,6434,500-56-861-416,24.0,1280,720,train
VJoQj00RZHg,6752,6893,425-83-755-413,25.0,1280,720,train
uTL9tm7S1Io,10977,11164,762-56-1080-375,24.0,1280,720,train
r-YXvkWLy-g,4539,4682,366-114-849-596,24.0,1920,1080,train
onaiTOLPeUs,3828,3994,688-84-1211-606,24.0,1920,1080,train
3VTsIju1dLI,8604,8763,930-62-1502-634,24.0,1920,1080,train
oEIYHTlbeLA,12224,12423,479-84-813-417,24.0,1280,720,train
DGvPfD1Dd1U,22744,22939,1137-107-1616-587,25.0,1920,1080,train
k0GQSJrpVhM,15322,15698,1152-149-1616-613,24.0,1920,1080,train
kmbui1xF8DE,958,1166,764-93-1291-619,25.0,1920,1080,train
0g0S34XE2b8,3206,3349,1143-111-1677-644,24.0,1920,1080,train
y5nbWUOc9tY,6834,6997,608-71-948-411,24.0,1280,720,train
0B543Zkqq88,2512,2704,794-123-1293-623,25.0,1920,1080,train
rftagV38YKY,11003,11161,218-57-554-394,24.0,1280,720,train
idfv7Lw4Y_s,13252,13555,666-97-1173-604,25.0,1920,1080,train
QeIrdqU0o9s,15207,15370,447-76-781-410,24.0,1280,720,train
Juc_yvEkJuc,11957,12185,1119-98-1647-626,25.0,1920,1080,train
dDClQv1SeeE,5379,5512,1139-110-1674-646,24.0,1920,1080,train
XPDHY-jOQYA,7613,7835,1183-123-1629-571,25.0,1920,1080,train
